SALE TYPE,SOLD DATE,PROPERTY TYPE,ADDRESS,CITY,STATE OR PROVINCE,ZIP OR POSTAL CODE,PRICE,BEDS,BATHS,LOCATION,SQUARE FEET,LOT SIZE,YEAR BUILT,DAYS ON MARKET,$/SQUARE FEET,HOA/MONTH,STATUS,NEXT OPEN HOUSE START TIME,NEXT OPEN HOUSE END TIME,URL (SEE https://www.redfin.com/buy-a-home/comparative-market-analysis FOR INFO ON PRICING),SOURCE,MLS#,FAVORITE,INTERESTED,LATITUDE,LONGITUDE
MLS Listing,,Single Family Residential,419 Garfield St,San Francisco,CA,94132,1249000,4,2.0,San Francisco,1700,2200,1947,2,735,,Active,,,https://www.redfin.com/CA/San-Francisco/419-Garfield-St-94132/home/1027567,San Francisco MLS,421614829,N,Y,37.719521,-122.4666932
MLS Listing,,Single Family Residential,3670 Mission St,San Francisco,CA,94110,1488888,4,2.5,Mission District,1340,1875,1921,5,1111,,Active,,,https://www.redfin.com/CA/San-Francisco/3670-Mission-St-94110/home/1363483,"bridgeMLS, Bay East AOR, or Contra Costa AOR",40974535,N,Y,37.7376613,-122.4243173
MLS Listing,,Condo/Co-op,151 Alice B. Toklas Pl #509,San Francisco,CA,94109,998000,1,1.0,San Francisco,1337,25240,1920,22,746,885,Active,,,https://www.redfin.com/CA/San-Francisco/151-Alice-B-Toklas-94109/unit-509/home/574531,San Francisco MLS,421611997,N,Y,37.7851019,-122.4205839
MLS Listing,,Condo/Co-op,1938 Scott St,San Francisco,CA,94115,1995000,4,3.0,San Francisco,1968,2572,1890,23,1014,350,Active,,,https://www.redfin.com/CA/San-Francisco/1938-Scott-St-94115/home/1657761,San Francisco MLS,421607501,N,Y,37.7878744,-122.4384597
MLS Listing,,Condo/Co-op,401 Harrison St Unit 46B,San Francisco,CA,94105,7900000,3,3.0,San Francisco,3214,56023,2014,25,2458,1900,Active,,,https://www.redfin.com/CA/San-Francisco/401-Harrison-St-94105/unit-46B/home/144064341,San Francisco MLS,421610511,N,Y,37.7863747,-122.3919931
MLS Listing,,Condo/Co-op,10 Inca Ln #1,San Francisco,CA,94115,599000,2,1.0,San Francisco,840,,,30,713,754,Active,,,https://www.redfin.com/CA/San-Francisco/10-Inca-Ln-94115/unit-1/home/12401313,San Francisco MLS,421609286,N,Y,37.7829941,-122.4288754
MLS Listing,,Single Family Residential,836 48th Ave,SAN FRANCISCO,CA,94121,1498000,5,4.0,SAN FRANCISCO,2153,3598,1951,31,696,,Active,,,https://www.redfin.com/CA/San-Francisco/836-48th-Ave-94121/home/2033612,MLSListings,ML81869146,N,Y,37.7725806,-122.508654
MLS Listing,,Single Family Residential,773 Minna St,SAN FRANCISCO,CA,94103,1888000,2,2.5,SAN FRANCISCO,2520,1600,1906,51,749,,Active,,,https://www.redfin.com/CA/San-Francisco/773-Minna-St-94103/home/28945815,MLSListings,ML81867047,N,Y,37.7760888,-122.4135468
MLS Listing,,Condo/Co-op,201 Harrison St #501,SAN FRANCISCO,CA,94105,485000,0,1.0,SAN FRANCISCO,432,,1991,57,1123,658,Active,,,https://www.redfin.com/CA/San-Francisco/201-Harrison-St-94105/unit-501/home/1438671,MLSListings,ML81866194,N,Y,37.7874798,-122.3905769
MLS Listing,,Condo/Co-op,461 2nd St Unit C118,San Francisco,CA,94107,750000,1,1.0,San Francisco,672,56167,1907,89,1116,651,Active,,,https://www.redfin.com/CA/San-Francisco/461-2nd-St-94107/unit-C118/home/1203053,San Francisco MLS,421589274,N,Y,37.783797,-122.3937191
MLS Listing,,Condo/Co-op,1101 Green St #603,San Francisco,CA,94109,1250000,1,2.0,San Francisco,918,5279,1928,1,1362,1491,Active,,,https://www.redfin.com/CA/San-Francisco/1101-Green-St-94109/unit-603/home/541969,San Francisco MLS,421615264,N,Y,37.7982681,-122.4174152
MLS Listing,,Multi-Family (2-4 Unit),1059 Montgomery St,San Francisco,CA,94133,1498000,3,2.0,San Francisco,1600,1106,1907,1,936,,Active,December-12-2021 02:00 PM,December-12-2021 04:00 PM,https://www.redfin.com/CA/San-Francisco/1059-Montgomery-St-94133/home/1952591,San Francisco MLS,421615357,N,Y,37.7989858,-122.4042182
MLS Listing,,Single Family Residential,3253 Baker St,San Francisco,CA,94123,3500000,4,3.0,San Francisco,2405,3575,1928,1,1455,,Active,December-6-2021 12:00 PM,December-6-2021 02:00 PM,https://www.redfin.com/CA/San-Francisco/3253-Baker-St-94123/home/1252489,San Francisco MLS,421612473,N,Y,37.8011727,-122.4467902
MLS Listing,,Condo/Co-op,471 23rd Ave #2,SAN FRANCISCO,CA,94121,623950,1,1.0,SAN FRANCISCO,450,,1964,2,1387,326,Active,,,https://www.redfin.com/CA/San-Francisco/471-23rd-Ave-94121/unit-2/home/107594078,MLSListings,ML81871376,N,Y,37.7788088,-122.4827898
MLS Listing,,Single Family Residential,762 Edinburgh St,San Francisco,CA,94112,899000,2,1.0,San Francisco,1350,2495,1926,2,666,,Active,,,https://www.redfin.com/CA/San-Francisco/762-Edinburgh-St-94112/home/1408434,San Francisco MLS,421614275,N,Y,37.7172417,-122.4352779
MLS Listing,,Multi-Family (5+ Unit),2324 Market St,San Francisco,CA,94114,4500000,0,,San Francisco,7586,2761,1972,2,593,,Active,,,https://www.redfin.com/CA/San-Francisco/2324-Market-St-94114/unit-2/home/1112873,San Francisco MLS,421615284,N,Y,37.7638521,-122.4339817
MLS Listing,,Condo/Co-op,470 Clementina St #201,San Francisco,CA,94103,595000,1,1.0,San Francisco,562,3990,2005,2,1059,354,Active,,,https://www.redfin.com/CA/San-Francisco/470-Clementina-St-94103/unit-201/home/1569453,San Francisco MLS,421615187,N,Y,37.7795553,-122.4056453
MLS Listing,,Single Family Residential,942 Noe St,San Francisco,CA,94114,2495000,3,3.5,San Francisco,,,1905,2,,,Active,,,https://www.redfin.com/CA/San-Francisco/942-Noe-St-94114/home/1558091,San Francisco MLS,421576380,N,Y,37.7540084,-122.4323483
MLS Listing,,Condo/Co-op,555 - 1674 4th St #603,San Francisco,CA,94107,1098000,2,2.0,San Francisco,981,63237,2006,2,1119,697,Active,,,https://www.redfin.com/CA/San-Francisco/555-4th-St-94107/unit-603/home/12402462,San Francisco MLS,421615268,N,Y,37.7791203,-122.3971915
MLS Listing,,Single Family Residential,59 Reddy St,San Francisco,CA,94124,998000,3,3.0,San Francisco,2278,2500,1916,2,438,,Active,December-7-2021 02:00 PM,December-7-2021 03:30 PM,https://www.redfin.com/CA/San-Francisco/59-Reddy-St-94124/home/1759723,San Francisco MLS,421614192,N,Y,37.73026,-122.3950494
MLS Listing,,Single Family Residential,122 Gillette Ave,SAN FRANCISCO,CA,94134,998888,4,3.0,SAN FRANCISCO,1440,2495,1961,2,694,,Active,,,https://www.redfin.com/CA/San-Francisco/122-Gillette-Ave-94134/home/1890467,MLSListings,ML81871728,N,Y,37.7106642,-122.3968501
MLS Listing,,Single Family Residential,1876 - 78 Bush St,San Francisco,CA,94109,1950000,5,4.0,San Francisco,3270,3781,,2,596,,Active,,,https://www.redfin.com/CA/San-Francisco/1876-Bush-St-94109/home/2030536,San Francisco MLS,421615240,N,Y,37.7879873,-122.4281334
MLS Listing,,Condo/Co-op,550 Innes St #101,San Francisco,CA,94124,548500,1,1.0,San Francisco,551,5449,2016,2,995,451,Active,,,https://www.redfin.com/CA/San-Francisco/550-Innes-Ave-94124/unit-101/home/144063937,San Francisco MLS,421609557,N,Y,37.7282834,-122.3686875
MLS Listing,,Condo/Co-op,577 Page St,San Francisco,CA,94117,1390000,3,1.0,San Francisco,1193,2623,1913,2,1165,300,Active,December-11-2021 02:00 PM,December-11-2021 04:00 PM,https://www.redfin.com/CA/San-Francisco/577-Page-St-94117/home/855728,BAREIS,421614842,N,Y,37.772862,-122.430121
MLS Listing,,Single Family Residential,780 Darien Way,San Francisco,CA,94127,1750000,3,1.5,San Francisco,2340,3689,1927,2,748,,Active,,,https://www.redfin.com/CA/San-Francisco/780-Darien-Way-94127/home/1686675,"bridgeMLS, Bay East AOR, or Contra Costa AOR",40975520,N,Y,37.7298446,-122.4636416
MLS Listing,,Condo/Co-op,501 Arguello Blvd #204,SAN FRANCISCO,CA,94118,1188000,2,2.0,SAN FRANCISCO,1214,,1987,2,979,691,Active,December-7-2021 11:00 AM,December-7-2021 01:00 PM,https://www.redfin.com/CA/San-Francisco/501-Arguello-Blvd-94118/unit-204/home/177487877,MLSListings,ML81871697,N,Y,37.7809935,-122.4590735
MLS Listing,,Condo/Co-op,451 26th Ave,San Francisco,CA,94121,1345000,4,2.0,San Francisco,1770,3036,1999,2,760,300,Active,,,https://www.redfin.com/CA/San-Francisco/451-26th-Ave-94121/unit-453A/home/608433,San Francisco MLS,421615040,N,Y,37.780991,-122.486208
MLS Listing,,Multi-Family (2-4 Unit),335 27th Ave,San Francisco,CA,94121,1190000,3,4.0,San Francisco,1994,2996,1907,2,597,,Active,,,https://www.redfin.com/CA/San-Francisco/335-27th-Ave-94121/unit-335C/home/1833246,San Francisco MLS,421615154,N,Y,37.7830911,-122.487333
MLS Listing,,Single Family Residential,241 Gates St,San Francisco,CA,94110,899000,2,1.0,San Francisco,1150,1746,1908,2,782,,Active,,,https://www.redfin.com/CA/San-Francisco/241-Gates-St-94110/home/1132601,San Francisco MLS,421615015,N,Y,37.7396802,-122.4138424
MLS Listing,,Single Family Residential,1574 41st Ave,San Francisco,CA,94122,1288000,3,1.0,San Francisco,1630,2996,1938,2,790,,Active,,,https://www.redfin.com/CA/San-Francisco/1574-41st-Ave-94122/home/2036395,San Francisco MLS,421615142,N,Y,37.7574307,-122.5000561
MLS Listing,,Single Family Residential,639 Hearst Ave,San Francisco,CA,94112,995000,3,2.0,San Francisco,1308,2813,1908,2,761,,Active,,,https://www.redfin.com/CA/San-Francisco/639-Hearst-Ave-94112/home/693203,San Francisco MLS,421591913,N,Y,37.7303955,-122.4520538
MLS Listing,,Condo/Co-op,2444 Van Ness Ave #1,San Francisco,CA,94109,1825000,3,3.0,San Francisco,1579,4375,1926,2,1156,832,Active,,,https://www.redfin.com/CA/San-Francisco/2444-Van-Ness-Ave-94109/unit-1/home/1227077,San Francisco MLS,421595514,N,Y,37.7982325,-122.4237091
MLS Listing,,Condo/Co-op,943 Treat Ave,San Francisco,CA,94110,1549000,2,2.0,San Francisco,1176,3750,2021,2,1317,416,Active,December-7-2021 02:30 PM,December-7-2021 03:30 PM,https://www.redfin.com/CA/San-Francisco/943-Treat-Ave-94110/home/177487143,San Francisco MLS,421614864,N,Y,37.7551899,-122.4130207
MLS Listing,,Single Family Residential,1463 Silver Ave,San Francisco,CA,94134,898000,2,1.0,San Francisco,1300,1875,1951,2,691,,Active,December-11-2021 02:00 PM,December-11-2021 04:00 PM,https://www.redfin.com/CA/San-Francisco/1463-Silver-Ave-94134/home/767861,San Francisco MLS,421613773,N,Y,37.7319496,-122.4076365
MLS Listing,,Condo/Co-op,111 Chestnut St #807,San Francisco,CA,94111,735000,1,1.0,San Francisco,633,50190,1993,2,1161,884,Active,,,https://www.redfin.com/CA/San-Francisco/111-Chestnut-St-94111/unit-807/home/542472,San Francisco MLS,421614913,N,Y,37.8042659,-122.4054714
MLS Listing,,Single Family Residential,126 Thrift St,San Francisco,CA,94112,859000,3,2.0,San Francisco,1245,3125,1946,2,690,,Active,December-7-2021 01:00 PM,December-7-2021 02:30 PM,https://www.redfin.com/CA/San-Francisco/126-Thrift-St-94112/home/1337247,San Francisco MLS,421610740,N,Y,37.7176103,-122.4570518
MLS Listing,,Condo/Co-op,1770 Fell St #4,San Francisco,CA,94117,1495000,2,2.0,San Francisco,1124,4977,1908,2,1330,550,Active,December-7-2021 11:00 AM,December-7-2021 12:30 PM,https://www.redfin.com/CA/San-Francisco/1770-Fell-St-94117/unit-4/home/21967110,San Francisco MLS,421615087,N,Y,37.773071,-122.447247
MLS Listing,,Condo/Co-op,280 Spear St Unit 1F,San Francisco,CA,94105,1095000,2,1.0,San Francisco,823,47916,,2,1330,1115,Active,,,https://www.redfin.com/CA/San-Francisco/280-Spear-St-94105/unit-1F/home/174716077,San Francisco MLS,421615097,N,Y,37.7903739,-122.3913812
MLS Listing,,Single Family Residential,2331 46th Ave,San Francisco,CA,94116,1195000,3,2.0,San Francisco,1525,2996,1941,2,784,,Active,December-8-2021 04:30 PM,December-8-2021 05:30 PM,https://www.redfin.com/CA/San-Francisco/2331-46th-Ave-94116/home/658770,San Francisco MLS,421614820,N,Y,37.7430074,-122.5049077
MLS Listing,,Condo/Co-op,612 Broderick St,San Francisco,CA,94117,1350000,3,1.0,San Francisco,1328,2449,1892,2,1017,207,Active,December-12-2021 01:00 PM,December-12-2021 03:00 PM,https://www.redfin.com/CA/San-Francisco/612-Broderick-St-94117/home/1864105,San Francisco MLS,421610813,N,Y,37.7760109,-122.439422
MLS Listing,,Single Family Residential,235 Montecito Ave,San Francisco,CA,94112,1699000,3,2.0,San Francisco,1722,3933,1923,2,987,12,Active,,,https://www.redfin.com/CA/San-Francisco/235-Montecito-Ave-94112/home/693350,San Francisco MLS,421614316,N,Y,37.7298922,-122.4555037
MLS Listing,,Condo/Co-op,3639 - 3645 16th St #3643,San Francisco,CA,94114,999000,3,1.0,San Francisco,,,1917,2,,260,Active,,,https://www.redfin.com/CA/San-Francisco/3639-16th-St-94114/unit-3643/home/172031535,San Francisco MLS,421614162,N,Y,37.7638622,-122.4342487
MLS Listing,,Single Family Residential,1942 44th Ave,San Francisco,CA,94116,1680000,5,3.0,San Francisco,1631,3000,1945,2,1030,,Active,,,https://www.redfin.com/CA/San-Francisco/1942-44th-Ave-94116/unit-1942A/home/893704,San Francisco MLS,421614547,N,Y,37.7503841,-122.5028397
MLS Listing,,Single Family Residential,1515 28th Ave,San Francisco,CA,94122,1225000,2,1.0,San Francisco,1115,2374,1927,2,1099,,Active,,,https://www.redfin.com/CA/San-Francisco/1515-28th-Ave-94122/home/1989197,San Francisco MLS,421612952,N,Y,37.7590514,-122.4867693
MLS Listing,,Condo/Co-op,2926 21st St,San Francisco,CA,94110,999000,2,1.0,San Francisco,997,,1900,2,1002,463,Active,December-11-2021 01:00 PM,December-11-2021 04:00 PM,https://www.redfin.com/CA/San-Francisco/2926-21st-St-94110/home/1212621,San Francisco MLS,421614112,N,Y,37.7576139,-122.4130308
MLS Listing,,Single Family Residential,1719 39TH Ave,San Francisco,CA,94122,1195000,2,1.0,Sunset,800,3000,1943,2,1494,,Active,,,https://www.redfin.com/CA/San-Francisco/1719-39th-Ave-94122/home/642747,"bridgeMLS, Bay East AOR, or Contra Costa AOR",40975467,N,Y,37.7547501,-122.4982358
MLS Listing,,Condo/Co-op,400 Beale St #1802,San Francisco,CA,94105-4432,749999,1,1.0,South Beach,675,,2001,3,1111,854,Active,,,https://www.redfin.com/CA/San-Francisco/400-Beale-St-94105/unit-1802/home/12399976,"bridgeMLS, Bay East AOR, or Contra Costa AOR",40975458,N,Y,37.7870715,-122.3909973
MLS Listing,,Condo/Co-op,230 7th St Unit E4,San Francisco,CA,94103,768000,1,1.0,San Francisco,712,712,,3,1079,411,Active,,,https://www.redfin.com/CA/San-Francisco/230-7th-St-94103/unit-E4/home/177482600,San Francisco MLS,421615013,N,Y,37.777295,-122.409123
MLS Listing,,Single Family Residential,2476 Diamond St,San Francisco,CA,94131,4495000,4,3.5,San Francisco,3508,4142,2021,3,1281,,Active,December-7-2021 12:00 PM,December-7-2021 01:30 PM,https://www.redfin.com/CA/San-Francisco/2476-Diamond-St-94131/home/808798,San Francisco MLS,421613727,N,Y,37.7386952,-122.43509
MLS Listing,,Condo/Co-op,132 Langton St,SAN FRANCISCO,CA,94103,879000,2,1.5,SAN FRANCISCO,1000,,1906,3,879,150,Active,,,https://www.redfin.com/CA/San-Francisco/132-Langton-St-94103/home/1300771,MLSListings,ML81871615,N,Y,37.7757547,-122.4079701
MLS Listing,,Condo/Co-op,333 1st St Unit N1807,San Francisco,CA,94105,1325000,2,2.0,San Francisco,950,38571,2004,3,1395,927,Active,,,https://www.redfin.com/CA/San-Francisco/333-1st-St-94105/unit-N1807/home/878813,San Francisco MLS,421614991,N,Y,37.7869502,-122.3938332
MLS Listing,,Condo/Co-op,401 Crescent Ct #4411,San Francisco,CA,94134,980000,3,2.0,San Francisco,1443,,2007,3,679,673,Active,,,https://www.redfin.com/CA/San-Francisco/401-Crescent-Ct-94134/unit-4411/home/12277980,"bridgeMLS, Bay East AOR, or Contra Costa AOR",40975432,N,Y,37.7106628,-122.3903003
MLS Listing,,Single Family Residential,884 43rd Ave,San Francisco,CA,94121,1300000,2,1.0,San Francisco,,2374,1924,3,,,Active,,,https://www.redfin.com/CA/San-Francisco/884-43rd-Ave-94121/home/624361,San Francisco MLS,421614954,N,Y,37.7720101,-122.5032563
MLS Listing,,Single Family Residential,2219 39th Ave,San Francisco,CA,94116,1798000,4,3.0,San Francisco,1540,3000,1952,3,1168,,Active,December-5-2021 01:30 PM,December-5-2021 04:30 PM,https://www.redfin.com/CA/San-Francisco/2219-39th-Ave-94116/home/1271137,San Francisco MLS,421614869,N,Y,37.7454134,-122.497613
MLS Listing,,Single Family Residential,434 Ellington Ave,San Francisco,CA,94112,1199000,4,2.0,San Francisco,1452,2500,1927,3,826,,Active,,,https://www.redfin.com/CA/San-Francisco/434-Ellington-Ave-94112/home/1205778,San Francisco MLS,421614979,N,Y,37.7118726,-122.4474648
MLS Listing,,Condo/Co-op,10 Kennedy Pl #203,San Francisco,CA,94124,599000,1,1.0,San Francisco,613,,2018,3,977,532,Active,,,https://www.redfin.com/CA/San-Francisco/10-Kennedy-Pl-94124/unit-203/home/173337428,"bridgeMLS, Bay East AOR, or Contra Costa AOR",40975405,N,Y,37.7282024,-122.3676849
MLS Listing,,Single Family Residential,1700 Sloat Blvd,San Francisco,CA,94132,2499000,6,4.5,San Francisco,2496,4412,1949,3,1001,,Active,,,https://www.redfin.com/CA/San-Francisco/1700-Sloat-Blvd-94116/home/1782192,San Francisco MLS,421614843,N,Y,37.7342557,-122.4915003
MLS Listing,,Multi-Family (5+ Unit),1605 - 1617 Washington St,San Francisco,CA,94109,8250000,0,,San Francisco,9401,3267,1908,3,878,,Active,,,https://www.redfin.com/CA/San-Francisco/1605-Washington-St-94109/unit-1617/home/1561823,San Francisco MLS,421614944,N,Y,37.7932982,-122.4198402
MLS Listing,,Multi-Family (2-4 Unit),2645 Bryant St,San Francisco,CA,94110,1299000,,,San Francisco,1500,2825,1925,3,866,,Active,,,https://www.redfin.com/CA/San-Francisco/2645-Bryant-St-94110/home/1901121,"bridgeMLS, Bay East AOR, or Contra Costa AOR",40974923,N,Y,37.7520532,-122.4087395
MLS Listing,,Condo/Co-op,1215 Greenwich St Unit 1C,SAN FRANCISCO,CA,94109,1685000,2,2.0,SAN FRANCISCO,1320,9042,1987,3,1277,785,Active,,,https://www.redfin.com/CA/San-Francisco/1215-Greenwich-St-94109/unit-1C/home/540726,MLSListings,ML81871571,N,Y,37.8007517,-122.4200478
MLS Listing,,Single Family Residential,806 46th Ave,SAN FRANCISCO,CA,94121,1620000,4,3.0,SAN FRANCISCO,1763,1875,1941,3,919,,Active,December-7-2021 11:00 AM,December-7-2021 02:00 PM,https://www.redfin.com/CA/San-Francisco/806-46th-Ave-94121/home/1989112,MLSListings,ML81871567,N,Y,37.7732221,-122.5066116
MLS Listing,,Single Family Residential,14 Allen St,San Francisco,CA,94109,949000,2,2.0,San Francisco,1081,1197,1927,3,878,,Active,December-5-2021 03:00 PM,December-5-2021 05:00 PM,https://www.redfin.com/CA/San-Francisco/14-Allen-St-94109/home/2032917,San Francisco MLS,421611017,N,Y,37.7995164,-122.4194063
MLS Listing,,Condo/Co-op,2174 Fell St,San Francisco,CA,94117,1795000,3,2.0,San Francisco,,2500,1999,3,,325,Active,,,https://www.redfin.com/CA/San-Francisco/2174-Fell-St-94117/home/597480,San Francisco MLS,421614719,N,Y,37.772256,-122.453668
MLS Listing,,Condo/Co-op,601 Van Ness Ave #430,San Francisco,CA,94102,599000,1,1.0,San Francisco,677,105806,1982,3,885,992,Active,,,https://www.redfin.com/CA/San-Francisco/601-Van-Ness-Ave-94102/unit-430/home/578738,San Francisco MLS,421614341,N,Y,37.7811165,-122.4213309
MLS Listing,,Single Family Residential,2626 23rd Ave,San Francisco,CA,94116,1125000,2,1.0,San Francisco,1105,2996,1930,3,1018,,Active,,,https://www.redfin.com/CA/San-Francisco/2626-23rd-Ave-94116/home/1927752,San Francisco MLS,421614432,N,Y,37.738595,-122.4794734
MLS Listing,,Condo/Co-op,1201 California St #104,San Francisco,CA,94109,950000,1,1.0,San Francisco,830,,,3,1145,1065,Active,,,https://www.redfin.com/CA/San-Francisco/1201-California-St-94109/unit-104/home/12400741,San Francisco MLS,421613192,N,Y,37.790957,-122.4143844
MLS Listing,,Condo/Co-op,1201 California St #102,San Francisco,CA,94109,1650000,2,2.0,San Francisco,1650,,,3,1000,2164,Active,,,https://www.redfin.com/CA/San-Francisco/1201-California-St-94109/unit-102/home/12400931,San Francisco MLS,421613181,N,Y,37.790957,-122.4143844
MLS Listing,,Condo/Co-op,1188 Valencia St #101,San Francisco,CA,94110,1595000,2,2.0,San Francisco,1113,14316,2018,3,1433,635,Active,December-7-2021 02:00 PM,December-7-2021 03:30 PM,https://www.redfin.com/CA/San-Francisco/1188-Valencia-St-94110/unit-101/home/145426249,San Francisco MLS,421614122,N,Y,37.7539098,-122.4211624
MLS Listing,,Condo/Co-op,38 Steiner St #103,San Francisco,CA,94117,1279000,2,2.5,San Francisco,1129,5127,1900,3,1133,365,Active,,,https://www.redfin.com/CA/San-Francisco/38-Steiner-St-94117/unit-103/home/177474987,San Francisco MLS,421614584,N,Y,37.7702163,-122.4316282
MLS Listing,,Condo/Co-op,1360 Montgomery St #11,San Francisco,CA,94133,2999999,2,2.0,San Francisco,1550,,1936,3,1935,1172,Active,,,https://www.redfin.com/CA/San-Francisco/1360-Montgomery-St-94133/unit-11/home/1466173,"bridgeMLS, Bay East AOR, or Contra Costa AOR",40975343,N,Y,37.8017784,-122.4044008
MLS Listing,,Condo/Co-op,1465 Laguna St #2,San Francisco,CA,94115,498000,1,1.0,San Francisco,550,,,3,905,544,Active,,,https://www.redfin.com/CA/San-Francisco/1465-Laguna-St-94115/unit-2/home/12401185,San Francisco MLS,421613267,N,Y,37.7846518,-122.4280988
MLS Listing,,Condo/Co-op,66 Cleary Ct #305,San Francisco,CA,94109,1000000,3,2.0,San Francisco,1155,65376,1963,3,866,998,Active,December-7-2021 11:00 AM,December-7-2021 12:30 PM,https://www.redfin.com/CA/San-Francisco/66-Cleary-Ct-94109/unit-305/home/931028,San Francisco MLS,421593334,N,Y,37.7841279,-122.4273921
MLS Listing,,Single Family Residential,1254 36th Ave,San Francisco,CA,94122,1188000,2,1.0,San Francisco,1200,3598,1921,3,990,,Active,December-6-2021 05:00 PM,December-6-2021 06:00 PM,https://www.redfin.com/CA/San-Francisco/1254-36th-Ave-94122/home/1984853,San Francisco MLS,421614438,N,Y,37.763611,-122.4951306
MLS Listing,,Condo/Co-op,425 1st St #6004,San Francisco,CA,94105,3998000,2,2.0,San Francisco,1568,56024,2008,4,2550,1311,Active,,,https://www.redfin.com/CA/San-Francisco/425-1st-St-94105/unit-6004/home/17304775,San Francisco MLS,421612228,N,Y,37.7857365,-122.3921923
MLS Listing,,Vacant Land,1088 Howard St,San Francisco,CA,94103,5500000,0,,San Francisco,,2247,,4,,,Active,,,https://www.redfin.com/CA/San-Francisco/1088-Howard-St-94103/home/174331014,San Francisco MLS,421612899,N,Y,37.7784205,-122.4093069
MLS Listing,,Multi-Family (2-4 Unit),2937 - 2939 Harrison St,San Francisco,CA,94110,1350000,6,3.0,San Francisco,3120,3300,1929,4,433,,Active,,,https://www.redfin.com/CA/San-Francisco/2937-Harrison-St-94110/home/1662799,MetroList,421614647,N,Y,37.7504512,-122.4113737
MLS Listing,,Single Family Residential,248 Valley St,San Francisco,CA,94131,1695000,3,2.0,San Francisco,1400,4312,1909,4,1211,,Active,,,https://www.redfin.com/CA/San-Francisco/248-Valley-St-94131/home/1704539,San Francisco MLS,421611014,N,Y,37.7446154,-122.427835
MLS Listing,,Condo/Co-op,415 Bryant St #3,San Francisco,CA,94107,800000,1,1.5,San Francisco,1015,4000,2002,4,788,,Active,December-8-2021 12:00 PM,December-8-2021 01:30 PM,https://www.redfin.com/CA/San-Francisco/415-Bryant-St-94107/unit-3/home/12397748,San Francisco MLS,421589154,N,Y,37.7825768,-122.393874
MLS Listing,,Multi-Family (2-4 Unit),216 - 218 Downey St,San Francisco,CA,94117,1900000,4,2.0,San Francisco,2500,2000,1900,4,760,,Active,December-7-2021 12:00 PM,December-7-2021 01:30 PM,https://www.redfin.com/CA/San-Francisco/216-Downey-St-94117/home/600453,San Francisco MLS,421614601,N,Y,37.7651231,-122.4465767
MLS Listing,,Multi-Family (2-4 Unit),2665 - 2667 Bryant St,San Francisco,CA,94110,1095000,4,1.0,San Francisco,1741,1781,1900,4,629,,Active,,,https://www.redfin.com/CA/San-Francisco/2665-Bryant-St-94110/home/1362033,San Francisco MLS,421614458,N,Y,37.7517589,-122.4087115
MLS Listing,,Condo/Co-op,6516 California St,San Francisco,CA,94121,1195000,2,1.0,San Francisco,1520,2495,1925,4,786,275,Active,,,https://www.redfin.com/CA/San-Francisco/6516-California-St-94121/home/21966497,San Francisco MLS,421614568,N,Y,37.7840157,-122.4875378
MLS Listing,,Single Family Residential,1706 9th Ave,San Francisco,CA,94122,1095000,3,2.0,San Francisco,1334,3000,1922,4,821,,Active,,,https://www.redfin.com/CA/San-Francisco/1706-9th-Ave-94122/home/2021514,San Francisco MLS,421614556,N,Y,37.7563674,-122.4655544
MLS Listing,,Condo/Co-op,55 Oak St #508,San Francisco,CA,94102,798000,1,1.0,San Francisco,657,10227,2021,4,1215,773,Active,,,https://www.redfin.com/CA/San-Francisco/55-Oak-St-94102/unit-508/home/177425612,San Francisco MLS,421614595,N,Y,37.7750848,-122.4200908
MLS Listing,,Condo/Co-op,701 Minnesota #116,San Francisco,CA,94107,749900,1,1.0,San Francisco,898,,1900,4,835,485,Active,,,https://www.redfin.com/CA/San-Francisco/701-Minnesota-St-94107/unit-116/home/12396533,"bridgeMLS, Bay East AOR, or Contra Costa AOR",40975260,N,Y,37.7615332,-122.3899573
MLS Listing,,Single Family Residential,44 Juanita Way,San Francisco,CA,94127,1630000,2,1.0,San Francisco,1125,2500,1937,4,1449,,Active,December-11-2021 02:00 PM,December-11-2021 04:00 PM,https://www.redfin.com/CA/San-Francisco/44-Juanita-Way-94127/home/1884432,San Francisco MLS,421614109,N,Y,37.744148,-122.4524961
MLS Listing,,Single Family Residential,2055 42nd Ave,San Francisco,CA,94116,1398000,3,1.5,San Francisco,1300,2996,1947,4,1075,,Active,,,https://www.redfin.com/CA/San-Francisco/2055-42nd-Ave-94116/home/1238488,San Francisco MLS,421614498,N,Y,37.7483783,-122.501017
MLS Listing,,Single Family Residential,916 Vienna St,San Francisco,CA,94112,1698000,4,3.0,San Francisco,2134,3214,1922,4,796,,Active,December-11-2021 02:00 PM,December-11-2021 04:00 PM,https://www.redfin.com/CA/San-Francisco/916-Vienna-St-94112/home/1712727,San Francisco MLS,421614060,N,Y,37.7148831,-122.4349056
MLS Listing,,Vacant Land,1343 Sacramento St,San Francisco,CA,94109,2500000,0,,San Francisco,,3441,,4,,,Active,,,https://www.redfin.com/CA/San-Francisco/1343-Sacramento-St-94109/home/960931,San Francisco MLS,421542142,N,Y,37.792159,-122.4148932
MLS Listing,,Single Family Residential,215 Montcalm St,San Francisco,CA,94110,2495000,3,3.5,San Francisco,2229,1746,2003,4,1119,,Active,December-5-2021 02:00 PM,December-5-2021 04:30 PM,https://www.redfin.com/CA/San-Francisco/215-Montcalm-St-94110/home/966091,San Francisco MLS,421610743,N,Y,37.7456495,-122.4083236
MLS Listing,,Multi-Family (2-4 Unit),153 Silliman St,San Francisco,CA,94134,1000000,2,1.0,San Francisco,1850,1873,1900,5,541,,Active,,,https://www.redfin.com/CA/San-Francisco/153-Silliman-St-94134/home/768011,BAREIS,421614240,N,Y,37.7305783,-122.4068607
MLS Listing,,Single Family Residential,473 Andover St,San Francisco,CA,94110,3100000,4,2.0,San Francisco,3200,3497,1928,5,969,,Active,,,https://www.redfin.com/CA/San-Francisco/473-Andover-St-94110/home/765241,San Francisco MLS,421614256,N,Y,37.7376142,-122.4163533
MLS Listing,,Multi-Family (2-4 Unit),2488 39th Ave,San Francisco,CA,94116,1249000,4,3.0,San Francisco,2020,2175,1986,5,618,,Active,,,https://www.redfin.com/CA/San-Francisco/2488-39th-Ave-94116/home/1989418,San Francisco MLS,421614387,N,Y,37.7404548,-122.4968366
MLS Listing,,Single Family Residential,281 Peninsula Ave,SAN FRANCISCO,CA,94134,998000,2,1.0,SAN FRANCISCO,1056,3197,1924,5,945,,Active,,,https://www.redfin.com/CA/San-Francisco/281-Peninsula-Ave-94134/home/746356,MLSListings,ML81871320,N,Y,37.7118566,-122.3987309
MLS Listing,,Condo/Co-op,88 King St #318,San Francisco,CA,94107,1399000,2,2.0,San Francisco,1116,,2000,5,1254,1133,Active,December-8-2021 12:00 PM,December-8-2021 01:30 PM,https://www.redfin.com/CA/San-Francisco/88-King-St-94107/unit-318/home/1381252,San Francisco MLS,421605226,N,Y,37.7807011,-122.3892619
MLS Listing,,Multi-Family (2-4 Unit),2436 Bush St,San Francisco,CA,94115,2495000,4,4.0,San Francisco,4000,3781,1926,5,624,,Active,,,https://www.redfin.com/CA/San-Francisco/2436-Bush-St-94115/home/570362,San Francisco MLS,421613819,N,Y,37.7867438,-122.4374566
MLS Listing,,Condo/Co-op,170 Pacific Ave #53,San Francisco,CA,94111,1599000,2,2.0,San Francisco,1471,89586,1986,5,1087,1218,Active,,,https://www.redfin.com/CA/San-Francisco/170-Pacific-Ave-94111/unit-53/home/102818484,San Francisco MLS,421614344,N,Y,37.798253,-122.399172
MLS Listing,,Single Family Residential,130 Pinehurst Way,San Francisco,CA,94127,995000,2,1.5,San Francisco,1096,2792,1930,5,908,,Active,December-7-2021 01:00 PM,December-7-2021 02:30 PM,https://www.redfin.com/CA/San-Francisco/130-Pinehurst-Way-94127/home/701814,San Francisco MLS,421612146,N,Y,37.728723,-122.4642608
MLS Listing,,Single Family Residential,32 Navajo Ave,San Francisco,CA,94112,1450000,2,1.0,San Francisco,1200,2495,1931,5,1208,,Active,,,https://www.redfin.com/CA/San-Francisco/32-Navajo-Ave-94112/home/1389898,San Francisco MLS,421613955,N,Y,37.7199402,-122.4434284
MLS Listing,,Condo/Co-op,403 Main St Unit 208N,SAN FRANCISCO,CA,94105,699000,1,1.0,SAN FRANCISCO,539,,1997,5,1297,560,Active,,,https://www.redfin.com/CA/San-Francisco/403-Main-St-94105/unit-208N/home/1024839,MLSListings,ML81871265,N,Y,37.7880767,-122.3896032
MLS Listing,,Condo/Co-op,80 Ora Way Unit G104,San Francisco,CA,94131,550000,1,1.0,San Francisco,676,6165,1975,5,814,,Active,,,https://www.redfin.com/CA/San-Francisco/80-Ora-Way-94131/unit-G104/home/2032648,BAREIS,421613739,N,Y,37.740609,-122.437921
MLS Listing,,Condo/Co-op,1452 Bush St #1,San Francisco,CA,94109,1199000,2,2.5,San Francisco,1176,6000,2004,5,1020,609,Active,,,https://www.redfin.com/CA/San-Francisco/1452-Bush-St-94109/unit-1/home/866149,San Francisco MLS,421611699,N,Y,37.7889088,-122.4212867
MLS Listing,,Single Family Residential,212 Putnam St,SAN FRANCISCO,CA,94110,995000,3,2.0,SAN FRANCISCO,1030,1750,1907,6,966,,Active,,,https://www.redfin.com/CA/San-Francisco/212-Putnam-St-94110/home/766519,MLSListings,ML81871244,N,Y,37.7366158,-122.4112096
MLS Listing,,Condo/Co-op,2211 California St #306,San Francisco,CA,94115,769000,1,1.0,San Francisco,624,6915,1911,6,1232,610,Active,,,https://www.redfin.com/CA/San-Francisco/2211-California-St-94115/unit-306/home/1561946,MetroList,421613592,N,Y,37.7889945,-122.4309987
MLS Listing,,Condo/Co-op,1780 Bancroft Ave #554,San Francisco,CA,94124,500000,2,1.5,San Francisco,1117,100298,2009,6,448,433,Active,,,https://www.redfin.com/CA/San-Francisco/1780-Bancroft-Ave-94124/unit-554/home/40457229,BAREIS,421614234,N,Y,37.7275371,-122.3954118
MLS Listing,,Condo/Co-op,3380 20th St #301,San Francisco,CA,94110,918000,2,1.0,San Francisco,818,11708,1985,6,1122,550,Active,December-7-2021 02:00 PM,December-7-2021 03:30 PM,https://www.redfin.com/CA/San-Francisco/3380-20th-St-94110/unit-301/home/714263,San Francisco MLS,421614223,N,Y,37.7589922,-122.4167073
MLS Listing,,Condo/Co-op,198 Valencia St #201,San Francisco,CA,94103,381135,1,1.0,San Francisco,688,9000,,6,554,548,Active,,,https://www.redfin.com/CA/San-Francisco/198-Valencia-St-94103/unit-201/home/177366238,San Francisco MLS,421614088,N,Y,37.7700643,-122.4225918
MLS Listing,,Single Family Residential,822 South Van Ness Ave,San Francisco,CA,94110,4880000,15,6.5,San Francisco,6745,7105,1890,6,723,,Active,,,https://www.redfin.com/CA/San-Francisco/822-S-Van-Ness-Ave-94110/home/171236152,San Francisco MLS,421614154,N,Y,37.759966,-122.4174152
MLS Listing,,Condo/Co-op,649 Central Ave,San Francisco,CA,94117,995000,2,1.0,San Francisco,880,1614,1900,6,1131,250,Active,,,https://www.redfin.com/CA/San-Francisco/649-Central-Ave-94117/home/1402333,San Francisco MLS,421598650,N,Y,37.7757584,-122.4449628
MLS Listing,,Condo/Co-op,901 - 53 Tennessee St #310,San Francisco,CA,94107,413821,1,1.0,San Francisco,543,10000,2019,6,762,648,Active,,,https://www.redfin.com/CA/San-Francisco/901-Tennessee-St-94107/unit-310/home/173337251,San Francisco MLS,421613058,N,Y,37.760305,-122.3892009
MLS Listing,,Multi-Family (5+ Unit),1221 Greenwich St,San Francisco,CA,94109,6950000,3,4.0,San Francisco,8248,7923,1907,6,843,,Active,,,https://www.redfin.com/CA/San-Francisco/1221-Greenwich-St-94109/home/539596,San Francisco MLS,421614121,N,Y,37.8007462,-122.4202469
MLS Listing,,Single Family Residential,12 Roscoe St,San Francisco,CA,94110,2295000,4,4.0,San Francisco,2155,2186,1900,6,1065,,Active,December-8-2021 05:00 PM,December-8-2021 06:00 PM,https://www.redfin.com/CA/San-Francisco/12-Roscoe-St-94110/home/767263,San Francisco MLS,421604999,N,Y,37.7344917,-122.4189355
MLS Listing,,Condo/Co-op,1515 Union Unit 5F,San Francisco,CA,94123,1350000,1,1.0,San Francisco,783,,2020,6,1724,901,Active,,,https://www.redfin.com/CA/San-Francisco/1515-Union-St-94123/unit-5F/home/173779896,San Francisco MLS,421614111,N,Y,37.7982705,-122.424284
MLS Listing,,Condo/Co-op,338 Spear St Unit 11B,San Francisco,CA,94105,1650000,2,2.0,San Francisco,1323,76210,2009,6,1247,1025,Active,,,https://www.redfin.com/CA/San-Francisco/338-Spear-St-94105/unit-11B/home/21965802,San Francisco MLS,421614110,N,Y,37.7894137,-122.3906433
MLS Listing,,Single Family Residential,120 Elsie,San Francisco,CA,94110,1899000,3,2.0,Bernal Heights,2000,1750,1977,6,950,,Active,,,https://www.redfin.com/CA/San-Francisco/120-Elsie-St-94110/home/1282311,"bridgeMLS, Bay East AOR, or Contra Costa AOR",40975031,N,Y,37.7426916,-122.4179773
MLS Listing,,Multi-Family (2-4 Unit),40 - 42 Sanchez St,San Francisco,CA,94114,2798000,5,3.0,San Francisco,3092,3249,,6,905,,Active,December-7-2021 12:00 PM,December-7-2021 01:30 PM,https://www.redfin.com/CA/San-Francisco/40-Sanchez-St-94114/home/1997083,San Francisco MLS,421613925,N,Y,37.7685622,-122.4316437
MLS Listing,,Condo/Co-op,49 Hallam St,San Francisco,CA,94103,799000,2,1.0,San Francisco,725,1848,1989,6,1102,200,Active,,,https://www.redfin.com/CA/San-Francisco/49-Hallam-St-94103/home/722819,San Francisco MLS,421599288,N,Y,37.7755898,-122.4081566
MLS Listing,,Condo/Co-op,1659 Dolores St,San Francisco,CA,94110,999000,3,1.5,San Francisco,1230,2495,1900,6,812,350,Active,,,https://www.redfin.com/CA/San-Francisco/1659-Dolores-St-94110/home/1544588,San Francisco MLS,421614049,N,Y,37.742786,-122.4239064
MLS Listing,,Condo/Co-op,753 Baker St,San Francisco,CA,94115,1395000,3,1.0,San Francisco,2139,2424,1900,6,652,294,Active,,,https://www.redfin.com/CA/San-Francisco/753-Baker-St-94115/home/17306578,San Francisco MLS,421613740,N,Y,37.778033,-122.442156
MLS Listing,,Single Family Residential,55 Burlwood Dr,San Francisco,CA,94127,995000,2,1.0,San Francisco,1339,4512,1947,6,743,,Active,,,https://www.redfin.com/CA/San-Francisco/55-Burlwood-Dr-94127/home/1944068,San Francisco MLS,421602529,N,Y,37.7348708,-122.4540884
MLS Listing,,Multi-Family (2-4 Unit),4146 - 4150 Moraga St,San Francisco,CA,94122,1500000,3,,San Francisco,1983,1875,1952,6,756,,Active,December-9-2021 02:00 PM,December-9-2021 03:00 PM,https://www.redfin.com/CA/San-Francisco/4146-Moraga-St-94122/home/148074703,San Francisco MLS,421614074,N,Y,37.7548596,-122.5075536
MLS Listing,,Condo/Co-op,280 Spear St Unit 7H,San Francisco,CA,94105,1695000,3,2.0,San Francisco,1457,47916,,6,1163,1282,Active,,,https://www.redfin.com/CA/San-Francisco/280-Spear-St-94105/unit-7H/home/160775696,San Francisco MLS,421614073,N,Y,37.7903739,-122.3913812
MLS Listing,,Single Family Residential,2331 Jackson St,San Francisco,CA,94115,7600000,4,4.5,San Francisco,3581,3828,,6,2122,,Active,,,https://www.redfin.com/CA/San-Francisco/2331-Jackson-St-94115/home/1209023,San Francisco MLS,421610437,N,Y,37.7924286,-122.4334641
MLS Listing,,Condo/Co-op,2750 Market St #203,San Francisco,CA,94114,1495000,2,2.0,San Francisco,1491,,,6,1003,605,Active,,,https://www.redfin.com/CA/San-Francisco/2750-Market-St-94114/unit-203/home/1101960,San Francisco MLS,421609571,N,Y,37.7617466,-122.4391838
MLS Listing,,Condo/Co-op,555 4th St #717,San Francisco,CA,94107,1198000,2,2.0,San Francisco,1111,63237,2006,6,1078,720,Active,,,https://www.redfin.com/CA/San-Francisco/555-4th-St-94107/unit-717/home/12354606,San Francisco MLS,421567377,N,Y,37.7791203,-122.3971915
MLS Listing,,Single Family Residential,990 Monterey Blvd,San Francisco,CA,94127,4895000,4,3.5,San Francisco,4655,7871,1925,7,1052,,Active,,,https://www.redfin.com/CA/San-Francisco/990-Monterey-Blvd-94127/home/1944095,San Francisco MLS,421614047,N,Y,37.731098,-122.4581796
MLS Listing,,Condo/Co-op,181 Fremont St Unit 60A,SAN FRANCISCO,CA,94105,4595000,3,3.0,SAN FRANCISCO,1972,,2018,7,2330,2934,Active,,,https://www.redfin.com/CA/San-Francisco/181-Fremont-St-94105/unit-60A/home/160388876,MLSListings,ML81871127,N,Y,37.7898082,-122.3953565
MLS Listing,,Single Family Residential,2531 Larkin St,SAN FRANCISCO,CA,94109,5895000,4,5.0,SAN FRANCISCO,4262,2648,1900,8,1383,,Active,,,https://www.redfin.com/CA/San-Francisco/2531-Larkin-St-94109/home/1947792,MLSListings,ML81871117,N,Y,37.8012913,-122.4214615
MLS Listing,,Multi-Family (2-4 Unit),1443 - 1447 Broderick St,San Francisco,CA,94115,2825000,9,,San Francisco,5280,2495,1900,8,535,,Active,,,https://www.redfin.com/CA/San-Francisco/1443-Broderick-St-94115/home/1492213,San Francisco MLS,421613792,N,Y,37.7837393,-122.4415697
MLS Listing,,Townhouse,489 Harrison St #307,San Francisco,CA,94105,700000,1,1.0,San Francisco,900,56024,2008,9,778,1182,Active,,,https://www.redfin.com/CA/San-Francisco/489-Harrison-St-94105/unit-307/home/17304906,San Francisco MLS,421613919,N,Y,37.7860724,-122.3926053
MLS Listing,,Single Family Residential,4824 Fulton St,San Francisco,CA,94121,1895000,4,2.5,San Francisco,2490,2500,1923,9,761,,Active,,,https://www.redfin.com/CA/San-Francisco/4824-Fulton-St-94121/home/1359609,San Francisco MLS,421611785,N,Y,37.7727359,-122.4836891
MLS Listing,,Condo/Co-op,425 1st St #2306,San Francisco,CA,94105,1679000,2,2.0,San Francisco,1238,56024,2008,9,1356,1247,Active,,,https://www.redfin.com/CA/San-Francisco/425-1st-St-94105/unit-2306/home/17304932,San Francisco MLS,421611502,N,Y,37.7857365,-122.3921923
MLS Listing,,Condo/Co-op,201 Harrison St #300,San Francisco,CA,94105,699999,1,1.0,San Francisco,736,38449,1991,9,951,720,Active,December-12-2021 02:00 PM,December-12-2021 04:00 PM,https://www.redfin.com/CA/San-Francisco/201-Harrison-St-94105/unit-300/home/1203100,San Francisco MLS,421613094,N,Y,37.7874798,-122.3905769
MLS Listing,,Condo/Co-op,1101 Green St #1404,San Francisco,CA,94109,1300000,1,1.0,San Francisco,901,5279,1930,9,1443,1554,Active,,,https://www.redfin.com/CA/San-Francisco/1101-Green-St-94109/unit-1404/home/541701,San Francisco MLS,421605073,N,Y,37.7982681,-122.4174152
MLS Listing,,Condo/Co-op,318 Main St Unit 3C,San Francisco,CA,94105,1299000,1,1.5,San Francisco,1044,,,10,1244,1179,Active,,,https://www.redfin.com/CA/San-Francisco/318-Main-St-94105/unit-3C/home/109464796,San Francisco MLS,421613793,N,Y,37.7889813,-122.3918869
MLS Listing,,Multi-Family (2-4 Unit),89 Belle Ave,San Francisco,CA,94132,2750000,,,San Francisco,4533,11247,1947,11,607,,Active,,,https://www.redfin.com/CA/San-Francisco/89-Belle-Ave-94132/home/12396741,"bridgeMLS, Bay East AOR, or Contra Costa AOR",40974950,N,Y,37.7085614,-122.4707176
MLS Listing,,Condo/Co-op,292 Richland Ave,SAN FRANCISCO,CA,94110,2705000,4,2.5,SAN FRANCISCO,2320,2525,1907,11,1166,,Active,,,https://www.redfin.com/CA/San-Francisco/292-Richland-Ave-94110/home/177332463,MLSListings,ML81871038,N,Y,37.7357004,-122.4205479
MLS Listing,,Vacant Land,76 Putnam St,San Francisco,CA,94110,499000,0,,San Francisco,,1750,,11,,,Active,,,https://www.redfin.com/CA/San-Francisco/76-Putnam-St-94110/unit-V/home/110063898,San Francisco MLS,421612472,N,Y,37.73863,-122.4110329
MLS Listing,,Condo/Co-op,631 Ofarrell St #502,San Francisco,CA,94109,500000,0,1.0,San Francisco,945,945,,11,529,1001,Active,,,https://www.redfin.com/CA/San-Francisco/631-O-Farrell-St-94109/unit-502/home/1161719,San Francisco MLS,421613435,N,Y,37.7852037,-122.4151808
MLS Listing,,Single Family Residential,33 Sweeny St,San Francisco,CA,94134,899000,2,1.0,San Francisco,1125,1875,1925,12,799,,Active,,,https://www.redfin.com/CA/San-Francisco/33-Sweeny-St-94134/home/1310358,San Francisco MLS,421613368,N,Y,37.7331702,-122.4067447
MLS Listing,,Multi-Family (2-4 Unit),172 - 174 4th Ave,San Francisco,CA,94118,2750000,5,1.5,San Francisco,2906,1572,1920,12,946,,Active,,,https://www.redfin.com/CA/San-Francisco/172-4th-Ave-94118/home/892379,San Francisco MLS,421613441,N,Y,37.7856734,-122.4622489
MLS Listing,,Condo/Co-op,1200 Gough St Unit 14E,San Francisco,CA,94109,799000,1,1.0,San Francisco,900,44676,1966,13,888,860,Active,,,https://www.redfin.com/CA/San-Francisco/1200-Gough-St-94109/unit-14E/home/1610407,San Francisco MLS,421613089,N,Y,37.7849434,-122.4242824
MLS Listing,,Condo/Co-op,2956 Arelious Walker Dr,San Francisco,CA,94124,515671,2,1.0,San Francisco,882,18200,2006,13,585,238,Active,,,https://www.redfin.com/CA/San-Francisco/2956-Arelious-Walker-Dr-94124/home/171944997,San Francisco MLS,421611606,N,Y,37.71757,-122.386641
MLS Listing,,Condo/Co-op,88 Hoff St #206,San Francisco,CA,94110,895000,1,1.5,San Francisco,1037,10651,1999,13,863,602,Active,,,https://www.redfin.com/CA/San-Francisco/88-Hoff-St-94110/unit-206/home/1478946,San Francisco MLS,421604234,N,Y,37.7639197,-122.4207016
MLS Listing,,Condo/Co-op,55 Oak St #211,San Francisco,CA,94102,1299000,1,1.0,San Francisco,1084,10227,2021,13,1198,914,Active,,,https://www.redfin.com/CA/San-Francisco/55-Oak-St-94102/unit-211/home/177297786,San Francisco MLS,421613445,N,Y,37.7750848,-122.4200908
MLS Listing,,Condo/Co-op,55 Oak St #805,San Francisco,CA,94102,1468000,2,2.0,San Francisco,1113,10227,2021,13,1319,944,Active,,,https://www.redfin.com/CA/San-Francisco/55-Oak-St-94102/unit-805/home/177297697,San Francisco MLS,421613443,N,Y,37.7750848,-122.4200908
MLS Listing,,Condo/Co-op,55 Oak St #301,San Francisco,CA,94102,1199000,1,1.0,San Francisco,965,10227,2021,13,1242,884,Active,,,https://www.redfin.com/CA/San-Francisco/55-Oak-St-94102/unit-301/home/177297696,San Francisco MLS,421613444,N,Y,37.7750848,-122.4200908
MLS Listing,,Condo/Co-op,52 Innes Ct #308,SAN FRANCISCO,CA,94124,699000,1,1.0,SAN FRANCISCO,720,19792,2017,13,971,574,Active,,,https://www.redfin.com/CA/San-Francisco/52-Innes-Ct-94124/unit-308/home/169576528,MLSListings,ML81870853,N,Y,37.7276224,-122.3674287
MLS Listing,,Condo/Co-op,181 Ofarrell St #311,San Francisco,CA,94102,394786,1,1.5,San Francisco,1071,18882,2006,13,369,712,Active,,,https://www.redfin.com/CA/San-Francisco/181-O-Farrell-St-94102/unit-311/home/17306933,San Francisco MLS,421613419,N,Y,37.7862743,-122.4075642
MLS Listing,,Single Family Residential,2271 45th Ave,San Francisco,CA,94116,1500000,5,2.5,San Francisco,2340,3000,1931,13,641,,Active,,,https://www.redfin.com/CA/San-Francisco/2271-45th-Ave-94116/home/1246126,San Francisco MLS,421608922,N,Y,37.7442352,-122.5039926
MLS Listing,,Multi-Family (2-4 Unit),1234 - 1236 7th Ave,San Francisco,CA,94122,2200000,4,3.0,San Francisco,3160,2375,1923,14,696,,Active,,,https://www.redfin.com/CA/San-Francisco/1234-7th-Ave-94122/home/625111,San Francisco MLS,421612545,N,Y,37.7653357,-122.4639703
MLS Listing,,Condo/Co-op,55 Page St #211,San Francisco,CA,94102,333245,0,1.0,San Francisco,459,25801,2008,14,726,473,Active,,,https://www.redfin.com/CA/San-Francisco/55-Page-St-94102/unit-211/home/17305743,San Francisco MLS,421611462,N,Y,37.7737829,-122.4218176
MLS Listing,,Condo/Co-op,1 Daniel Burnham Ct #617,San Francisco,CA,94109,639000,0,1.0,San Francisco,586,46157,1988,15,1090,727,Active,,,https://www.redfin.com/CA/San-Francisco/1-Daniel-Burnham-Ct-94109/unit-617/home/1771218,San Francisco MLS,421613308,N,Y,37.786783,-122.4219061
MLS Listing,,Condo/Co-op,555 4th St #502,San Francisco,CA,94107,698000,1,1.0,San Francisco,670,63237,2006,15,1042,618,Active,,,https://www.redfin.com/CA/San-Francisco/555-4th-St-94107/unit-502/home/22887287,San Francisco MLS,421613332,N,Y,37.7791203,-122.3971915
MLS Listing,,Townhouse,83 Summit Way,San Francisco,CA,94132,1450000,3,2.5,San Francisco,2024,1678,2015,15,716,306,Active,,,https://www.redfin.com/CA/San-Francisco/83-Summit-Way-94132/home/109684877,San Francisco MLS,421613291,N,Y,37.7150878,-122.475142
MLS Listing,,Condo/Co-op,1920 - 2E Ocean Ave,San Francisco,CA,94127,799000,2,1.0,San Francisco,843,10264,1987,15,948,519,Active,,,https://www.redfin.com/CA/San-Francisco/1920-Ocean-Ave-94127/unit-2E/home/699871,San Francisco MLS,421612988,N,Y,37.725802,-122.4630446
MLS Listing,,Condo/Co-op,345 8th St #406,San Francisco,CA,94103,1290000,2,2.0,San Francisco,1006,,,15,1282,727,Active,,,https://www.redfin.com/CA/San-Francisco/345-8th-St-94103/unit-406/home/177283156,San Francisco MLS,421613231,N,Y,37.7745884,-122.4095559
MLS Listing,,Multi-Family (2-4 Unit),150 Liberty St,SAN FRANCISCO,CA,94110,2799888,4,2.0,SAN FRANCISCO,3230,2848,1922,16,867,,Active,,,https://www.redfin.com/CA/San-Francisco/150-Liberty-St-94110/home/712397,MLSListings,ML81870779,N,Y,37.7577416,-122.4245838
MLS Listing,,Multi-Family (2-4 Unit),288 Union St,San Francisco,CA,94133,5615000,5,4.0,San Francisco,3338,1746,,16,1682,,Active,,,https://www.redfin.com/CA/San-Francisco/288-Union-St-94133/home/2006859,San Francisco MLS,421613191,N,Y,37.8012732,-122.4039336
MLS Listing,,Condo/Co-op,290 Richland Ave,SAN FRANCISCO,CA,94110,2245000,3,2.5,SAN FRANCISCO,1840,,1907,16,1220,,Active,,,https://www.redfin.com/CA/San-Francisco/290-Richland-Ave-94110/home/1835652,MLSListings,ML81870763,N,Y,37.7355738,-122.4205015
MLS Listing,,Condo/Co-op,58 Rodgers St,San Francisco,CA,94103,940000,1,1.5,San Francisco,884,,,16,1063,681,Active,,,https://www.redfin.com/CA/San-Francisco/58-Rodgers-St-94103/home/177280430,San Francisco MLS,421613193,N,Y,37.7747657,-122.4088946
MLS Listing,,Condo/Co-op,1445 Page St Unit A,San Francisco,CA,94117,650000,1,1.0,San Francisco,539,3441,1900,16,1206,160,Active,,,https://www.redfin.com/CA/San-Francisco/1445-Page-St-94117/unit-A/home/1070909,San Francisco MLS,421613202,N,Y,37.7711526,-122.4445935
MLS Listing,,Condo/Co-op,288 Union St #2,San Francisco,CA,94133,1495000,2,1.5,San Francisco,,1746,,16,,,Active,,,https://www.redfin.com/CA/San-Francisco/288-Union-St-94133/unit-2/home/177280194,San Francisco MLS,421613095,N,Y,37.8012732,-122.4039336
MLS Listing,,Multi-Family (2-4 Unit),591 - 593 34th Ave,San Francisco,CA,94121,1788000,7,4.5,San Francisco,3094,2375,1917,16,578,,Active,,,https://www.redfin.com/CA/San-Francisco/591-34th-Ave-94121/home/1468359,San Francisco MLS,421613143,N,Y,37.777929,-122.49454
MLS Listing,,Condo/Co-op,101 Crescent Way #2104,San Francisco,CA,94134,635000,1,1.0,San Francisco,814,42325,2001,16,780,493,Active,,,https://www.redfin.com/CA/San-Francisco/101-Crescent-Way-94134/unit-2104/home/1795543,San Francisco MLS,421606170,N,Y,37.7108372,-122.3893377
MLS Listing,,Condo/Co-op,1050 North Point St #1705,San Francisco,CA,94109,895000,1,1.0,San Francisco,,26400,1963,16,,973,Active,,,https://www.redfin.com/CA/San-Francisco/1050-N-Point-St-94109/unit-1705/home/12400988,San Francisco MLS,421612991,N,Y,37.8053959,-122.4248482
MLS Listing,,Condo/Co-op,260 King St #1603,San Francisco,CA,94107,1399888,2,2.0,Mission Bay,1286,,2004,16,1089,944,Active,,,https://www.redfin.com/CA/San-Francisco/260-King-St-94107/unit-1603/home/11282424,"bridgeMLS, Bay East AOR, or Contra Costa AOR",40973030,N,Y,37.7776624,-122.3938672
MLS Listing,,Single Family Residential,1371 44th Ave,San Francisco,CA,94122,1795000,3,3.0,San Francisco,1994,2996,1913,16,900,,Active,,,https://www.redfin.com/CA/San-Francisco/1371-44th-Ave-94122/home/1883763,San Francisco MLS,421612742,N,Y,37.761068,-122.5040728
MLS Listing,,Condo/Co-op,858 Capp St #1,San Francisco,CA,94110,1869000,2,2.5,San Francisco,1818,,2021,16,1028,527,Active,,,https://www.redfin.com/CA/San-Francisco/858-Capp-St-94110/unit-1/home/177277196,San Francisco MLS,421612892,N,Y,37.7529243,-122.4176752
MLS Listing,,Condo/Co-op,1100 - 1102 Page St #1102,San Francisco,CA,94117,1799000,3,1.5,San Francisco,2228,2495,1902,16,807,,Active,,,https://www.redfin.com/CA/San-Francisco/1100-Page-St-94117/unit-1102/home/599314,San Francisco MLS,421606833,N,Y,37.7721983,-122.4391073
MLS Listing,,Condo/Co-op,499 Cambridge St,SAN FRANCISCO,CA,94134,1556900,3,2.5,SAN FRANCISCO,1734,,2021,17,898,256,Active,,,https://www.redfin.com/CA/San-Francisco/499-Cambridge-St-94134/home/177271787,MLSListings,ML81870622,N,Y,37.7253656,-122.4178231
MLS Listing,,Multi-Family (2-4 Unit),3016 26th St,SAN FRANCISCO,CA,94110,1195000,,,SAN FRANCISCO,1694,2500,1950,17,705,,Active,,,https://www.redfin.com/CA/San-Francisco/3016-26th-St-94110/home/736874,MLSListings,ML81869839,N,Y,37.7496853,-122.4102783
MLS Listing,,Multi-Family (2-4 Unit),1795 - 1797 Oakdale Ave,San Francisco,CA,94124,1579000,5,5.0,San Francisco,2218,2491,1900,17,712,,Active,,,https://www.redfin.com/CA/San-Francisco/1795-Oakdale-Ave-94124/home/22893326,San Francisco MLS,421611510,N,Y,37.7365496,-122.3940775
MLS Listing,,Condo/Co-op,555 4th St #923,San Francisco,CA,94107,649000,1,1.0,San Francisco,631,63237,2007,17,1029,604,Active,,,https://www.redfin.com/CA/San-Francisco/555-4th-St-94107/unit-923/home/12402338,San Francisco MLS,421612564,N,Y,37.7791203,-122.3971915
MLS Listing,,Condo/Co-op,555 Golden Gate Ave Unit 10F,San Francisco,CA,94102,958000,2,1.0,San Francisco,751,,2020,17,1276,596,Active,,,https://www.redfin.com/CA/San-Francisco/555-Golden-Gate-Ave-94102/unit-10F/home/176584515,San Francisco MLS,421612682,N,Y,37.7808655,-122.4196054
MLS Listing,,Condo/Co-op,601 Van Ness Ave #542,San Francisco,CA,94102,569000,1,1.0,San Francisco,677,105806,1982,17,840,940,Active,,,https://www.redfin.com/CA/San-Francisco/601-Van-Ness-Ave-94102/unit-542/home/1634917,San Francisco MLS,421612709,N,Y,37.7811165,-122.4213309
MLS Listing,,Single Family Residential,1815 Laguna St,San Francisco,CA,94115,4500000,4,3.5,San Francisco,3412,2186,1890,17,1319,,Active,,,https://www.redfin.com/CA/San-Francisco/1815-Laguna-St-94115/home/1288107,San Francisco MLS,421611982,N,Y,37.7878724,-122.42883
MLS Listing,,Condo/Co-op,8200 Oceanview Ter #105,San Francisco,CA,94132,599000,1,1.0,San Francisco,669,,,17,895,610,Active,,,https://www.redfin.com/CA/San-Francisco/8200-Oceanview-Ter-94132/unit-105/home/1641423,San Francisco MLS,421612824,N,Y,37.7102104,-122.4670813
MLS Listing,,Condo/Co-op,601 Van Ness Ave #206,San Francisco,CA,94102,469000,1,1.0,San Francisco,718,105806,1982,17,653,940,Active,,,https://www.redfin.com/CA/San-Francisco/601-Van-Ness-Ave-94102/unit-206/home/1739327,San Francisco MLS,421612821,N,Y,37.7811165,-122.4213309
MLS Listing,,Condo/Co-op,1160 Mission St #2213,San Francisco,CA,94103,1995000,3,2.0,San Francisco,1630,43557,2008,17,1224,1230,Active,,,https://www.redfin.com/CA/San-Francisco/1160-Mission-St-94103/unit-2213/home/17305215,San Francisco MLS,421611009,N,Y,37.7786972,-122.4126145
MLS Listing,,Single Family Residential,211 Miguel St,San Francisco,CA,94131,1449000,1,1.0,San Francisco,,943,1925,17,,,Active,December-7-2021 12:30 PM,December-7-2021 02:00 PM,https://www.redfin.com/CA/San-Francisco/211-Miguel-St-94131/home/805382,San Francisco MLS,421611185,N,Y,37.7376882,-122.4279606
MLS Listing,,Condo/Co-op,280 Spear St Unit 8C,San Francisco,CA,94105,1475000,2,2.0,San Francisco,1036,47916,,17,1424,1181,Active,,,https://www.redfin.com/CA/San-Francisco/280-Spear-St-94105/unit-8C/home/177255229,San Francisco MLS,421612762,N,Y,37.7901615,-122.3913352
MLS Listing,,Single Family Residential,106 Bache St,San Francisco,CA,94110,2280000,4,4.0,San Francisco,2293,1751,,17,994,,Active,,,https://www.redfin.com/CA/San-Francisco/106-Bache-St-94110/home/110064262,San Francisco MLS,421606846,N,Y,37.7337389,-122.4178135
MLS Listing,,Single Family Residential,243 Granada Ave,San Francisco,CA,94112,1088000,3,1.0,San Francisco,1114,2813,1910,18,977,,Active,,,https://www.redfin.com/CA/San-Francisco/243-Granada-Ave-94112/home/813744,San Francisco MLS,421612570,N,Y,37.7228543,-122.4573171
MLS Listing,,Condo/Co-op,1001 17th St #101,SAN FRANCISCO,CA,94107,958000,1,1.0,SAN FRANCISCO,853,,2016,18,1123,516,Active,,,https://www.redfin.com/CA/San-Francisco/1001-17th-St-94107/unit-101/home/109684849,MLSListings,ML81870464,N,Y,37.7650727,-122.3940731
MLS Listing,,Single Family Residential,1439 Silver Ave,San Francisco,CA,94134,895000,2,1.0,San Francisco,875,1875,1895,18,1023,,Active,,,https://www.redfin.com/CA/San-Francisco/1439-Silver-Ave-94134/home/1917971,San Francisco MLS,421612504,N,Y,37.7318578,-122.4081643
MLS Listing,,Single Family Residential,375 URBANO Dr,SAN FRANCISCO,CA,94127,2885000,5,3.0,SAN FRANCISCO,2955,5144,1926,18,976,,Active,,,https://www.redfin.com/CA/San-Francisco/375-Urbano-Dr-94127/home/1615024,MLSListings,ML81870420,N,Y,37.7250236,-122.4697447
MLS Listing,,Condo/Co-op,55 Oak St #412,San Francisco,CA,94102,999000,1,1.0,San Francisco,801,10227,2021,19,1247,822,Active,,,https://www.redfin.com/CA/San-Francisco/55-Oak-St-94102/unit-412/home/177211879,San Francisco MLS,421612446,N,Y,37.7750848,-122.4200908
MLS Listing,,Condo/Co-op,55 Oak St #303,San Francisco,CA,94102,870000,1,1.0,San Francisco,680,10227,2021,19,1279,773,Active,,,https://www.redfin.com/CA/San-Francisco/55-Oak-St-94102/unit-303/home/177211800,San Francisco MLS,421612443,N,Y,37.7750848,-122.4200908
MLS Listing,,Condo/Co-op,300 3rd St #314,San Francisco,CA,94107,949000,1,1.0,San Francisco,877,48941,1990,19,1082,738,Active,,,https://www.redfin.com/CA/San-Francisco/300-3rd-St-94107/unit-314/home/1024755,San Francisco MLS,421612365,N,Y,37.783575,-122.3989455
MLS Listing,,Multi-Family (2-4 Unit),3723 - 3725 Mission St,San Francisco,CA,94110,1450000,3,,San Francisco,2500,1193,1906,19,580,,Active,,,https://www.redfin.com/CA/San-Francisco/3723-Mission-St-94110/home/22045750,San Francisco MLS,421612367,N,Y,37.7368941,-122.4239966
MLS Listing,,Single Family Residential,625 Duncan St,San Francisco,CA,94131,12000000,5,5.5,San Francisco,5933,5698,2007,19,2023,,Active,,,https://www.redfin.com/CA/San-Francisco/625-Duncan-St-94131/home/1971985,San Francisco MLS,421612309,N,Y,37.745416,-122.434111
MLS Listing,,Single Family Residential,10 Sea Cliff Ave,San Francisco,CA,94121,5700000,4,4.0,San Francisco,4463,3497,,19,1277,,Active,,,https://www.redfin.com/CA/San-Francisco/10-Sea-Cliff-Ave-94121/home/2023751,San Francisco MLS,421610367,N,Y,37.789143,-122.484868
MLS Listing,,Condo/Co-op,1328 Greenwich St,San Francisco,CA,94109,1595000,2,2.0,San Francisco,1465,,1886,20,1089,,Active,,,https://www.redfin.com/CA/San-Francisco/1328-Greenwich-St-94109/home/1898445,San Francisco MLS,421611175,N,Y,37.8010305,-122.421668
MLS Listing,,Multi-Family (2-4 Unit),1126 - 1128 Hampshire St,San Francisco,CA,94110,1495000,4,2.0,San Francisco,2130,2696,1903,20,702,,Active,,,https://www.redfin.com/CA/San-Francisco/1126-Hampshire-St-94110/home/2017008,San Francisco MLS,421612151,N,Y,37.7540099,-122.4076744
MLS Listing,,Vacant Land,1056 - 1060 Potrero Ave,San Francisco,CA,94110,2400000,0,,San Francisco,,2500,,20,,,Active,,,https://www.redfin.com/CA/San-Francisco/1056-Potrero-Ave-94110/home/174696192,San Francisco MLS,421612129,N,Y,37.7551993,-122.4068903
MLS Listing,,Townhouse,17 Bowman Ct,San Francisco,CA,94124,453728,2,2.0,San Francisco,1219,880,1992,20,372,65,Active,,,https://www.redfin.com/CA/San-Francisco/17-Bowman-Ct-94124/home/741389,San Francisco MLS,421612127,N,Y,37.7377823,-122.3822452
MLS Listing,,Multi-Family (2-4 Unit),3850 23rd St,San Francisco,CA,94114,3000000,4,3.0,San Francisco,3650,1524,1900,20,822,,Active,,,https://www.redfin.com/CA/San-Francisco/3850-23rd-St-94114/home/174714986,San Francisco MLS,421612095,N,Y,37.7533962,-122.4288565
MLS Listing,,Condo/Co-op,1177 California St #1012,San Francisco,CA,94108,998000,1,1.0,San Francisco,1056,31662,1978,20,945,1384,Active,,,https://www.redfin.com/CA/San-Francisco/1177-California-St-94108/unit-1012/home/1707260,San Francisco MLS,421611985,N,Y,37.7909986,-122.4137649
MLS Listing,,Condo/Co-op,1 Daniel Burnham Ct #206,San Francisco,CA,94109,678000,1,1.0,San Francisco,732,46157,1988,20,926,898,Active,,,https://www.redfin.com/CA/San-Francisco/1-Daniel-Burnham-Ct-94109/unit-206/home/2023474,San Francisco MLS,421611196,N,Y,37.786783,-122.4219061
MLS Listing,,Multi-Family (2-4 Unit),160 - 162 Lexington St,San Francisco,CA,94110,950000,3,,San Francisco,1436,2000,1906,20,662,,Active,,,https://www.redfin.com/CA/San-Francisco/160-Lexington-St-94110/home/710664,San Francisco MLS,421608097,N,Y,37.7607634,-122.4209279
MLS Listing,,Condo/Co-op,690 Market St #1703,San Francisco,CA,94104,1595000,2,2.0,San Francisco,1431,11357,2007,20,1115,3098,Active,,,https://www.redfin.com/CA/San-Francisco/690-Market-St-94104/unit-1703/home/21967220,San Francisco MLS,421607592,N,Y,37.7883046,-122.4032778
MLS Listing,,Multi-Family (5+ Unit),711 Guerrero St,San Francisco,CA,94110,2500000,0,,San Francisco,6000,2247,1907,21,417,,Active,,,https://www.redfin.com/CA/San-Francisco/711-Guerrero-St-94110/home/1446989,San Francisco MLS,421612076,N,Y,37.7596989,-122.4233209
MLS Listing,,Condo/Co-op,1145 Pine St #43,San Francisco,CA,94109,445000,0,1.0,San Francisco,390,5170,1912,21,1141,550,Active,,,https://www.redfin.com/CA/San-Francisco/1145-Pine-St-94109/unit-43/home/2033053,San Francisco MLS,421612011,N,Y,37.7901344,-122.4147638
MLS Listing,,Condo/Co-op,96 Malta Dr,San Francisco,CA,94131,780000,2,2.0,San Francisco,1600,2476,1977,21,488,33,Active,,,https://www.redfin.com/CA/San-Francisco/96-Malta-Dr-94131/home/177187378,San Francisco MLS,421610982,N,Y,37.736548,-122.4436871
MLS Listing,,Multi-Family (2-4 Unit),341 - 343 Lexington St,San Francisco,CA,94110,1850000,2,2.0,San Francisco,2060,1572,1900,22,898,,Active,,,https://www.redfin.com/CA/San-Francisco/341-Lexington-St-94110/home/1335121,San Francisco MLS,421611772,N,Y,37.7578643,-122.4202261
MLS Listing,,Condo/Co-op,20 Hancock St Unit A,San Francisco,CA,94114,1999000,4,3.0,San Francisco,2035,2848,1902,23,982,,Active,,,https://www.redfin.com/CA/San-Francisco/20-Hancock-St-94114/unit-A/home/177177153,San Francisco MLS,421611501,N,Y,37.7606698,-122.4288375
MLS Listing,,Condo/Co-op,960 Market St #214,San Francisco,CA,94102,725000,0,1.0,San Francisco,566,,,23,1281,685,Active,,,https://www.redfin.com/CA/San-Francisco/960-Market-St-94102/unit-214/home/177175256,San Francisco MLS,421611182,N,Y,37.7831239,-122.4095552
MLS Listing,,Condo/Co-op,960 Market St #221,San Francisco,CA,94102,699000,0,1.0,San Francisco,510,,,23,1371,685,Active,,,https://www.redfin.com/CA/San-Francisco/960-Market-St-94102/unit-221/home/177175186,San Francisco MLS,421611181,N,Y,37.7831239,-122.4095552
MLS Listing,,Condo/Co-op,960 Market St #204,San Francisco,CA,94102,499000,0,1.0,San Francisco,339,,,23,1472,598,Active,,,https://www.redfin.com/CA/San-Francisco/960-Market-St-94102/unit-204/home/177175168,San Francisco MLS,421611180,N,Y,37.7831239,-122.4095552
MLS Listing,,Multi-Family (2-4 Unit),15-17 States St,San Francisco,CA,94114,2288888,4,2.0,Corona Hts,2420,2604,1957,23,946,,Active,,,https://www.redfin.com/CA/San-Francisco/15-States-St-94114/home/1316299,"bridgeMLS, Bay East AOR, or Contra Costa AOR",40973676,N,Y,37.7632338,-122.4357673
MLS Listing,,Condo/Co-op,55 Vandewater St #7,San Francisco,CA,94133,849000,1,1.0,San Francisco,732,4541,1981,23,1160,455,Active,,,https://www.redfin.com/CA/San-Francisco/55-Vandewater-St-94133/unit-7/home/1424802,San Francisco MLS,421611589,N,Y,37.8051143,-122.41288
MLS Listing,,Single Family Residential,273 Vienna St,San Francisco,CA,94112,799000,3,1.0,San Francisco,1000,2500,1900,23,799,,Active,,,https://www.redfin.com/CA/San-Francisco/273-Vienna-St-94112/home/1293924,San Francisco MLS,421610742,N,Y,37.723946,-122.4275305
MLS Listing,,Condo/Co-op,2001 Mcallister St #243,San Francisco,CA,94118,795000,1,1.0,San Francisco,686,98109,2002,23,1159,725,Active,,,https://www.redfin.com/CA/San-Francisco/2001-McAllister-St-94118/unit-243/home/12399019,San Francisco MLS,421611617,N,Y,37.776448,-122.4460603
MLS Listing,,Multi-Family (2-4 Unit),832 Florida St,SAN FRANCISCO,CA,94110,980000,4,2.0,SAN FRANCISCO,1920,2596,1900,23,510,,Active,,,https://www.redfin.com/CA/San-Francisco/832-Florida-St-94110/home/729949,MLSListings,ML81870065,N,Y,37.7584984,-122.4108964
MLS Listing,,Condo/Co-op,288 Union St #1,San Francisco,CA,94133,1425000,2,1.5,San Francisco,,1746,1900,23,,,Active,,,https://www.redfin.com/CA/San-Francisco/288-Union-St-94133/unit-1/home/177172944,San Francisco MLS,421611669,N,Y,37.8012732,-122.4039336
MLS Listing,,Single Family Residential,834 30Th Ave,San Francisco,CA,94121,1695000,3,2.5,Central Richmond,,3000,1931,23,,,Active,,,https://www.redfin.com/CA/San-Francisco/834-30th-Ave-94121/home/623525,"bridgeMLS, Bay East AOR, or Contra Costa AOR",40974089,N,Y,37.7735246,-122.4894084
MLS Listing,,Condo/Co-op,635 South Van Ness Ave Unit A,San Francisco,CA,94110,1198000,3,2.0,San Francisco,1483,2940,1912,23,808,180,Active,,,https://www.redfin.com/CA/San-Francisco/635-S-Van-Ness-Ave-94110/unit-A/home/177282128,San Francisco MLS,421606628,N,Y,37.762987,-122.417043
MLS Listing,,Condo/Co-op,637 Powell St #301,San Francisco,CA,94108,1050000,2,1.0,San Francisco,1590,3920,,23,660,869,Active,,,https://www.redfin.com/CA/San-Francisco/637-Powell-St-94108/unit-301/home/177347318,San Francisco MLS,421611643,N,Y,37.790666,-122.4090968
MLS Listing,,Single Family Residential,133 Jules Ave,San Francisco,CA,94112,1295000,6,4.0,San Francisco,2288,2173,1938,23,566,,Active,,,https://www.redfin.com/CA/San-Francisco/133-Jules-Ave-94112/home/2037885,San Francisco MLS,421611077,N,Y,37.7206435,-122.4614745
MLS Listing,,Condo/Co-op,1385 - 1387 Hampshire St Unit 1387B,San Francisco,CA,94110,499000,1,1.0,San Francisco,435,1999,1925,23,1147,250,Active,,,https://www.redfin.com/CA/San-Francisco/1385-Hampshire-St-94110/unit-1387B/home/177170085,San Francisco MLS,421610487,N,Y,37.7502504,-122.4067951
MLS Listing,,Condo/Co-op,200 Brannan St #419,San Francisco,CA,94107,1987888,3,2.0,San Francisco,1787,72899,2004,24,1112,961,Active,December-12-2021 02:00 PM,December-12-2021 04:00 PM,https://www.redfin.com/CA/San-Francisco/200-Brannan-St-94107/unit-419/home/1538030,San Francisco MLS,421605835,N,Y,37.7838833,-122.3906104
MLS Listing,,Condo/Co-op,1385 - 1387 Hampshire St Unit 1387A,San Francisco,CA,94110,459000,1,1.0,San Francisco,579,1999,1925,24,793,250,Active,,,https://www.redfin.com/CA/San-Francisco/1385-Hampshire-St-94110/unit-1387A/home/177168709,San Francisco MLS,421610477,N,Y,37.7502504,-122.4067951
MLS Listing,,Condo/Co-op,567 27th St #3,San Francisco,CA,94131,1695000,3,2.0,San Francisco,1600,2850,1989,24,1059,400,Active,,,https://www.redfin.com/CA/San-Francisco/567-27th-St-94131/unit-3/home/1829398,San Francisco MLS,421611477,N,Y,37.7463462,-122.4327673
MLS Listing,,Single Family Residential,555 33rd Ave,San Francisco,CA,94121,2395000,3,3.0,San Francisco,2526,3000,1914,24,948,,Active,December-7-2021 11:30 AM,December-7-2021 01:00 PM,https://www.redfin.com/CA/San-Francisco/555-33rd-Ave-94121/unit-1/home/1888708,San Francisco MLS,421611082,N,Y,37.778584,-122.4935342
MLS Listing,,Condo/Co-op,250 King St #500,SAN FRANCISCO,CA,94107,1199000,2,2.0,SAN FRANCISCO,1219,213232,2004,24,984,944,Active,,,https://www.redfin.com/CA/San-Francisco/250-King-St-94107/unit-500/home/22889166,MLSListings,ML81863884,N,Y,37.7781222,-122.3932903
MLS Listing,,Multi-Family (2-4 Unit),3877 - 3879 Jackson St,San Francisco,CA,94118,4650000,8,,San Francisco,5160,3463,1910,24,901,,Active,,,https://www.redfin.com/CA/San-Francisco/3877-Jackson-St-94118/home/1562444,San Francisco MLS,421610876,N,Y,37.7891023,-122.4588748
MLS Listing,,Condo/Co-op,1895 Pacific Ave #206,San Francisco,CA,94109,1095000,1,1.0,San Francisco,1165,7202,1931,24,940,626,Active,,,https://www.redfin.com/CA/San-Francisco/1895-Pacific-Ave-94109/unit-206/home/1571780,San Francisco MLS,421610676,N,Y,37.7942091,-122.426335
MLS Listing,,Condo/Co-op,230 7th St Unit K3,San Francisco,CA,94103,678000,1,1.0,San Francisco,657,,,24,1032,407,Active,,,https://www.redfin.com/CA/San-Francisco/230-7th-St-94103/unit-K3/home/177166784,San Francisco MLS,421611198,N,Y,37.777295,-122.409123
MLS Listing,,Condo/Co-op,188 Minna St Unit 36D,San Francisco,CA,94105,3998888,2,2.5,San Francisco,1792,33056,2005,24,2232,2791,Active,,,https://www.redfin.com/CA/San-Francisco/188-Minna-St-94105/unit-36D/home/22883996,San Francisco MLS,421610551,N,Y,37.7861799,-122.4012974
MLS Listing,,Single Family Residential,916 Athens St,San Francisco,CA,94112,1395000,3,2.0,San Francisco,1777,3300,1923,24,785,,Active,,,https://www.redfin.com/CA/San-Francisco/916-Athens-St-94112/home/1584046,San Francisco MLS,421610995,N,Y,37.7145926,-122.4340502
MLS Listing,,Condo/Co-op,1000 3Rd St #314,San Francisco,CA,94158,1398888,2,2.0,San Francisco,1222,,2018,24,1145,962,Active,,,https://www.redfin.com/CA/San-Francisco/1000-3rd-St-94158/unit-314/home/145564281,"bridgeMLS, Bay East AOR, or Contra Costa AOR",40972959,N,Y,37.7752125,-122.3902276
MLS Listing,,Condo/Co-op,555 Golden Gate Ave Unit 9G,San Francisco,CA,94102,1198000,2,2.0,San Francisco,912,,2021,24,1314,633,Active,,,https://www.redfin.com/CA/San-Francisco/555-Golden-Gate-Ave-94102/unit-9G/home/176728356,San Francisco MLS,421611191,N,Y,37.7808655,-122.4196054
MLS Listing,,Condo/Co-op,555 Golden Gate Ave Unit 10B,San Francisco,CA,94103,828888,1,1.0,San Francisco,,,,24,,553,Active,,,https://www.redfin.com/CA/San-Francisco/555-Golden-Gate-Ave-94102/unit-10B/home/177166205,San Francisco MLS,421611192,N,Y,37.7808655,-122.4196054
MLS Listing,,Single Family Residential,4231 26th St,SAN FRANCISCO,CA,94131,1450000,2,1.0,SAN FRANCISCO,922,1553,1907,24,1573,,Active,,,https://www.redfin.com/CA/San-Francisco/4231-26th-St-94131/unit-4231A/home/1599220,MLSListings,ML81866853,N,Y,37.747929,-122.4349606
MLS Listing,,Condo/Co-op,135 Pixley St #1,San Francisco,CA,94123,1115000,1,1.0,San Francisco,,2283,1890,24,,150,Active,,,https://www.redfin.com/CA/San-Francisco/135-Pixley-St-94123/unit-1/home/177164931,San Francisco MLS,421606221,N,Y,37.7985006,-122.4348023
MLS Listing,,Condo/Co-op,720 Moraga St #3,San Francisco,CA,94122,850000,1,1.0,San Francisco,788,,1955,24,1079,300,Active,,,https://www.redfin.com/CA/San-Francisco/720-Moraga-St-94122/unit-3/home/1778352,San Francisco MLS,421610341,N,Y,37.7566224,-122.4704964
MLS Listing,,Condo/Co-op,280 Spear St Unit 30A,San Francisco,CA,94105,2525000,2,2.0,San Francisco,1498,47916,,24,1686,1302,Active,,,https://www.redfin.com/CA/San-Francisco/280-Spear-St-94105/unit-30A/home/177164211,San Francisco MLS,421611174,N,Y,37.7901615,-122.3913352
MLS Listing,,Condo/Co-op,288 Union St #3,San Francisco,CA,94133,2495000,1,1.0,San Francisco,,1746,,25,,,Active,,,https://www.redfin.com/CA/San-Francisco/288-Union-St-94133/unit-3/home/177160396,San Francisco MLS,421610414,N,Y,37.8012732,-122.4039336
MLS Listing,,Condo/Co-op,555 4th St #501,San Francisco,CA,94107,998000,2,2.0,San Francisco,,63237,,25,,689,Active,,,https://www.redfin.com/CA/San-Francisco/555-4th-St-94107/unit-501/home/12402320,San Francisco MLS,421611073,N,Y,37.7791203,-122.3971915
MLS Listing,,Multi-Family (5+ Unit),3375 22nd St,San Francisco,CA,94110,2800000,4,4.0,San Francisco,4140,2850,1941,25,676,,Active,,,https://www.redfin.com/CA/San-Francisco/3375-22nd-St-94110/home/1855481,San Francisco MLS,421610443,N,Y,37.7549585,-122.4226281
MLS Listing,,Condo/Co-op,75 Lily St #5,San Francisco,CA,94102,535000,1,1.0,San Francisco,,1649,,25,,225,Active,,,https://www.redfin.com/CA/San-Francisco/75-Lily-St-94102/unit-5/home/39604033,San Francisco MLS,421611078,N,Y,37.7745084,-122.4220609
MLS Listing,,Multi-Family (5+ Unit),1692 - 1698 Haight St,San Francisco,CA,94117,4950000,0,,San Francisco,8730,3280,1908,25,567,,Active,,,https://www.redfin.com/CA/San-Francisco/1692-Haight-St-94117/home/1580001,San Francisco MLS,421611059,N,Y,37.7698236,-122.4500815
MLS Listing,,Vacant Land,1699 Quint St,San Francisco,CA,94124,200000,0,,San Francisco,,4473,,25,,,Active,,,https://www.redfin.com/CA/San-Francisco/1699-Quint-St-94124/home/110063542,San Francisco MLS,421611056,N,Y,37.7352076,-122.3975757
MLS Listing,,Condo/Co-op,1170 Sacramento St Unit 14C,San Francisco,CA,94108,5495000,2,2.5,San Francisco,2027,2692,1963,25,2711,3226,Active,,,https://www.redfin.com/CA/San-Francisco/1170-Sacramento-St-94108/unit-14C/home/1810985,BAREIS,421609398,N,Y,37.7929056,-122.4121403
MLS Listing,,Multi-Family (5+ Unit),328 Pennsylvania Ave,San Francisco,CA,94107,4095000,0,,San Francisco,,4164,1960,25,,,Active,,,https://www.redfin.com/CA/San-Francisco/328-Pennsylvania-Ave-94107/home/1679582,San Francisco MLS,421611005,N,Y,37.762099,-122.3938743
MLS Listing,,Condo/Co-op,94 Malta Dr,San Francisco,CA,94131,680000,2,2.0,San Francisco,1600,2476,1977,25,425,33,Active,,,https://www.redfin.com/CA/San-Francisco/94-Malta-Dr-94131/home/1202193,San Francisco MLS,421610971,N,Y,37.7364751,-122.4439821
MLS Listing,,Single Family Residential,4353 17th St,San Francisco,CA,94114,849000,1,1.0,San Francisco,,1123,1909,25,,,Active,,,https://www.redfin.com/CA/San-Francisco/4353-17th-St-94114/home/1299551,San Francisco MLS,421594283,N,Y,37.7619358,-122.4417445
MLS Listing,,Multi-Family (2-4 Unit),1824 Church St,San Francisco,CA,94131,2895000,7,5.0,San Francisco,3843,3123,1976,25,753,,Active,,,https://www.redfin.com/CA/San-Francisco/1824-Church-St-94131/unit-1828A/home/813754,San Francisco MLS,421607536,N,Y,37.7414836,-122.4270088
MLS Listing,,Single Family Residential,3966 18Th St #1,San Francisco,CA,94114,1350000,2,1.0,Noe Valley,1525,2848,1931,26,885,,Active,,,https://www.redfin.com/CA/San-Francisco/3966-18th-St-94114/unit-1/home/177152387,"bridgeMLS, Bay East AOR, or Contra Costa AOR",40973729,N,Y,37.7611708,-122.4321102
MLS Listing,,Condo/Co-op,765 Market St Unit 30H,San Francisco,CA,94103,2495000,2,2.5,San Francisco,1402,60150,2001,26,1780,2579,Active,,,https://www.redfin.com/CA/San-Francisco/765-Market-St-94103/unit-30H/home/1482242,San Francisco MLS,421606112,N,Y,37.786097,-122.4041629
MLS Listing,,Condo/Co-op,140 S Van Ness Ave #428,San Francisco,CA,94103,725000,1,1.0,San Francisco,795,43147,2002,27,912,540,Active,,,https://www.redfin.com/CA/San-Francisco/140-S-Van-Ness-Ave-94103/unit-428/home/878077,BAREIS,421610464,N,Y,37.7716424,-122.4187147
MLS Listing,,Condo/Co-op,50 Jerrold Ave #206,San Francisco,CA,94124,549000,1,1.0,San Francisco,611,,2016,27,899,470,Active,,,https://www.redfin.com/CA/San-Francisco/50-Jerrold-Ave-94124/unit-206/home/144063947,"bridgeMLS, Bay East AOR, or Contra Costa AOR",40973662,N,Y,37.7277731,-122.3695061
MLS Listing,,Multi-Family (2-4 Unit),934 Lake St,SAN FRANCISCO,CA,94118,3250000,5,3.5,SAN FRANCISCO,3216,2696,1907,27,1011,,Active,,,https://www.redfin.com/CA/San-Francisco/934-Lake-St-94118/home/606805,MLSListings,ML81869567,N,Y,37.7866607,-122.4696318
MLS Listing,,Condo/Co-op,1688 Pine St Unit E1211,San Francisco,CA,94109,1795000,2,2.0,San Francisco,1139,35482,2016,27,1576,869,Active,,,https://www.redfin.com/CA/San-Francisco/1688-Pine-St-94109/unit-E1211/home/144063600,San Francisco MLS,421607661,N,Y,37.7895497,-122.4233697
MLS Listing,,Condo/Co-op,85 Ora Way Unit E207,San Francisco,CA,94131,430551,1,1.0,San Francisco,676,,1975,27,637,652,Active,,,https://www.redfin.com/CA/San-Francisco/85-Ora-Way-94131/unit-E207/home/1592996,San Francisco MLS,421610498,N,Y,37.7406778,-122.4372133
MLS Listing,,Condo/Co-op,875 California St Ph 2,San Francisco,CA,94108,6995000,3,2.5,San Francisco,1825,,2020,27,3833,2325,Active,,,https://www.redfin.com/CA/San-Francisco/875-California-St-94108/unit-2/home/177145451,San Francisco MLS,421610489,N,Y,37.7918051,-122.4087206
MLS Listing,,Condo/Co-op,10 Innes Ct #201,San Francisco,CA,94124,598888,1,1.0,San Francisco,744,13880,2018,27,805,531,Active,,,https://www.redfin.com/CA/San-Francisco/10-Innes-Ct-94124/unit-201/home/169576559,San Francisco MLS,421610471,N,Y,37.7280682,-122.3679965
MLS Listing,,Multi-Family (5+ Unit),2501 Van Ness Ave,San Francisco,CA,94109,3950000,0,,San Francisco,9741,3693,1906,27,406,,Active,,,https://www.redfin.com/CA/San-Francisco/2501-Van-Ness-Ave-94109/home/174700380,San Francisco MLS,421610469,N,Y,37.7986633,-122.4242964
MLS Listing,,Condo/Co-op,1333 Jones St #1510,San Francisco,CA,94109,2698000,2,2.0,San Francisco,,,1961,27,,2315,Active,,,https://www.redfin.com/CA/San-Francisco/1333-Jones-St-94109/unit-1510/home/12399936,San Francisco MLS,421610447,N,Y,37.793648,-122.4149043
MLS Listing,,Condo/Co-op,388 Fulton #504,SAN FRANCISCO,CA,94102,599000,0,1.0,SAN FRANCISCO,375,,2015,27,1597,462,Active,,,https://www.redfin.com/CA/San-Francisco/388-Fulton-St-94102/unit-504/home/144063612,MLSListings,ML81869518,N,Y,37.7790326,-122.4231449
MLS Listing,,Condo/Co-op,1168 Fell St,San Francisco,CA,94117,1295000,3,2.5,San Francisco,1263,3438,2001,27,1025,,Active,,,https://www.redfin.com/CA/San-Francisco/1168-Fell-St-94117/home/177142397,San Francisco MLS,421609302,N,Y,37.774338,-122.4370976
MLS Listing,,Condo/Co-op,338 Main St Unit 3G,San Francisco,CA,94105,2029000,2,2.0,San Francisco,1401,75406,2016,29,1448,1254,Active,,,https://www.redfin.com/CA/San-Francisco/338-Main-St-94105/unit-3G/home/109278645,San Francisco MLS,421609771,N,Y,37.7886733,-122.3914178
MLS Listing,,Condo/Co-op,554 Wisconsin St,San Francisco,CA,94107,1327000,2,2.0,San Francisco,1150,79531,1978,29,1154,950,Active,December-12-2021 02:00 PM,December-12-2021 04:00 PM,https://www.redfin.com/CA/San-Francisco/554-Wisconsin-St-94107/home/1896008,San Francisco MLS,421601586,N,Y,37.760495,-122.399607
MLS Listing,,Multi-Family (2-4 Unit),4320 - 4322 18th St,San Francisco,CA,94114,1598000,2,1.5,San Francisco,1970,1900,1897,29,811,,Active,,,https://www.redfin.com/CA/San-Francisco/4320-18th-St-94114/home/671989,San Francisco MLS,421609763,N,Y,37.7609213,-122.4376201
MLS Listing,,Single Family Residential,40 Acton St,DALY CITY,CA,94014,950000,2,1.0,DALY CITY,1040,3100,1927,30,913,,Active,,,https://www.redfin.com/CA/Daly-City/40-Acton-St-94014/home/1739153,MLSListings,ML81869424,N,Y,37.7082156,-122.4526506
MLS Listing,,Condo/Co-op,301 Main St Unit 35F,SAN FRANCISCO,CA,94105,2150000,2,2.0,SAN FRANCISCO,1323,,2008,30,1625,991,Active,,,https://www.redfin.com/CA/San-Francisco/301-Main-St-94105/unit-35F/home/21966905,MLSListings,ML81869380,N,Y,37.7895974,-122.3911965
MLS Listing,,Single Family Residential,920 Cayuga Ave,San Francisco,CA,94112,1899000,7,5.0,San Francisco,2837,4375,1915,30,669,,Active,,,https://www.redfin.com/CA/San-Francisco/920-Cayuga-Ave-94112/home/1776167,San Francisco MLS,421609534,N,Y,37.7231661,-122.4393587
MLS Listing,,Condo/Co-op,333 Beale St Unit 8F,San Francisco,CA,94105,1180000,0,1.0,San Francisco,920,75406,2015,30,1283,1200,Active,,,https://www.redfin.com/CA/San-Francisco/333-Beale-St-94105/unit-8F/home/109684910,San Francisco MLS,421609775,N,Y,37.7884937,-122.3918797
MLS Listing,,Multi-Family (5+ Unit),565 Ellis St,San Francisco,CA,94109,3800000,0,,San Francisco,7052,2345,1922,30,539,,Active,,,https://www.redfin.com/CA/San-Francisco/565-Ellis-St-94109/home/1407842,San Francisco MLS,421609772,N,Y,37.7843938,-122.4157529
MLS Listing,,Condo/Co-op,201 Folsom St Unit 15F,San Francisco,CA,94105,1720000,2,2.0,San Francisco,1191,75406,2016,30,1444,1214,Active,,,https://www.redfin.com/CA/San-Francisco/201-Folsom-St-94105/unit-15F/home/137677601,San Francisco MLS,421609758,N,Y,37.7891848,-122.3919008
MLS Listing,,Condo/Co-op,594 Lombard St,San Francisco,CA,94133,1995000,3,3.5,San Francisco,2625,2395,1926,30,760,,Active,,,https://www.redfin.com/CA/San-Francisco/594-Lombard-St-94133/home/146440886,San Francisco MLS,421591910,N,Y,37.8031727,-122.4111661
MLS Listing,,Multi-Family (2-4 Unit),653 Kansas St,San Francisco,CA,94107,1595000,6,,San Francisco,2720,2996,1921,30,586,,Active,,,https://www.redfin.com/CA/San-Francisco/653-Kansas-St-94107/home/728579,San Francisco MLS,421609527,N,Y,37.7614572,-122.4030234
MLS Listing,,Single Family Residential,611 Cayuga Ave,San Francisco,CA,94122,1395000,3,2.0,San Francisco,2234,1990,1937,30,624,,Active,,,https://www.redfin.com/CA/San-Francisco/611-Cayuga-Ave-94112/home/2001651,San Francisco MLS,421607606,N,Y,37.7283202,-122.4357715
MLS Listing,,Single Family Residential,2665 Laguna St,SAN FRANCISCO,CA,94123,3995000,8,7.0,SAN FRANCISCO,4200,3009,1900,30,951,,Active,,,https://www.redfin.com/CA/San-Francisco/2665-Laguna-St-94123/home/564898,MLSListings,ML81869257,N,Y,37.795682,-122.430457
MLS Listing,,Condo/Co-op,2568 Sutter St,San Francisco,CA,94115,1895000,4,2.5,San Francisco,1816,3438,,30,1044,200,Active,,,https://www.redfin.com/CA/San-Francisco/2568-Sutter-St-94115/home/28938820,San Francisco MLS,421608524,N,Y,37.785107,-122.4426707
MLS Listing,,Condo/Co-op,230 7th St Unit G8,San Francisco,CA,94103,1088000,2,2.0,San Francisco,1048,,,31,1038,442,Active,,,https://www.redfin.com/CA/San-Francisco/230-7th-St-94103/unit-G8/home/177080354,San Francisco MLS,421609539,N,Y,37.777295,-122.409123
MLS Listing,,Condo/Co-op,566 South Van Ness Ave #17,San Francisco,CA,94110,995000,2,2.0,San Francisco,963,12255,2007,31,1033,701,Active,,,https://www.redfin.com/CA/San-Francisco/566-S-Van-Ness-Ave-94110/unit-17/home/17306703,San Francisco MLS,421609523,N,Y,37.7639953,-122.4176979
MLS Listing,,Condo/Co-op,230 7th St Unit B3,San Francisco,CA,94103,748000,1,1.0,San Francisco,726,,,31,1030,412,Active,,,https://www.redfin.com/CA/San-Francisco/230-7th-St-94103/unit-B3/home/177080353,San Francisco MLS,421609529,N,Y,37.777295,-122.409123
MLS Listing,,Multi-Family (5+ Unit),646 Washington St,San Francisco,CA,94111,4250000,0,,San Francisco,18128,4560,1909,31,234,,Active,,,https://www.redfin.com/CA/San-Francisco/646-Washington-St-94111/home/174699889,San Francisco MLS,421609508,N,Y,37.795618,-122.40437
MLS Listing,,Vacant Land,8 San Lorenzo Way,San Francisco,CA,94127,2100000,0,,San Francisco,,4002,,31,,,Active,,,https://www.redfin.com/CA/San-Francisco/8-San-Lorenzo-Way-94127/home/52055577,San Francisco MLS,421585876,N,Y,37.739708,-122.4643433
MLS Listing,,Condo/Co-op,230 7th St Unit D3,San Francisco,CA,94103,748000,1,1.0,San Francisco,714,,,31,1048,411,Active,,,https://www.redfin.com/CA/San-Francisco/230-7th-St-94103/unit-D3/home/177080352,San Francisco MLS,421609535,N,Y,37.777295,-122.409123
MLS Listing,,Single Family Residential,2256 Cabrillo St,San Francisco,CA,94121,3295000,5,4.5,San Francisco,3506,1881,1917,31,940,,Active,,,https://www.redfin.com/CA/San-Francisco/2256-Cabrillo-St-94121/home/618857,San Francisco MLS,421609452,N,Y,37.774718,-122.4831132
MLS Listing,,Single Family Residential,1189 Palou Ave,San Francisco,CA,94124,975000,6,3.0,San Francisco,1489,2500,1919,31,655,,Active,,,https://www.redfin.com/CA/San-Francisco/1189-Palou-Ave-94124/home/1502917,San Francisco MLS,421609516,N,Y,37.7294325,-122.3834279
MLS Listing,,Condo/Co-op,230 7th St Unit G5,San Francisco,CA,94103,1173000,2,2.0,San Francisco,1048,,,31,1119,495,Active,,,https://www.redfin.com/CA/San-Francisco/230-7th-St-94103/unit-G5/home/177080350,San Francisco MLS,421609553,N,Y,37.777295,-122.409123
MLS Listing,,Condo/Co-op,550 South Van Ness Ave #109,San Francisco,CA,94110,699000,1,1.0,San Francisco,,13130,1992,31,,510,Active,,,https://www.redfin.com/CA/San-Francisco/550-S-Van-Ness-Ave-94110/unit-109/home/708862,San Francisco MLS,421607614,N,Y,37.764336,-122.4179396
MLS Listing,,Condo/Co-op,8200 Oceanview Ter #222,SAN FRANCISCO,CA,94132,820000,2,2.0,SAN FRANCISCO,950,,2002,31,863,697,Active,,,https://www.redfin.com/CA/San-Francisco/8200-Oceanview-Ter-94132/unit-222/home/2035333,MLSListings,ML81869102,N,Y,37.7102104,-122.4670813
MLS Listing,,Multi-Family (2-4 Unit),626 - 628 Cortland Ave,San Francisco,CA,94110,1695000,2,,San Francisco,1900,1467,1926,32,892,,Active,,,https://www.redfin.com/CA/San-Francisco/626-Cortland-Ave-94110/home/114080484,San Francisco MLS,421609378,N,Y,37.7388182,-122.4154352
MLS Listing,,Condo/Co-op,30 - 34A Wayne Pl Unit 32A,San Francisco,CA,94133,699000,2,1.0,San Francisco,712,,1906,32,982,295,Active,,,https://www.redfin.com/CA/San-Francisco/30-Wayne-Pl-94133/unit-32A/home/176583012,San Francisco MLS,421609375,N,Y,37.7967954,-122.4109333
MLS Listing,,Single Family Residential,115 Ocean Ave,San Francisco,CA,94112,998950,3,1.0,San Francisco,1200,2212,1923,32,832,,Active,,,https://www.redfin.com/CA/San-Francisco/115-Ocean-Ave-94112/home/1704686,San Francisco MLS,421609356,N,Y,37.7234151,-122.4392948
MLS Listing,,Condo/Co-op,813 Lyon St #1,San Francisco,CA,94115,1795000,3,3.5,San Francisco,2020,,2021,32,889,410,Active,December-7-2021 11:30 AM,December-7-2021 12:30 PM,https://www.redfin.com/CA/San-Francisco/813-Lyon-St-94115/unit-1/home/176239129,San Francisco MLS,421608197,N,Y,37.7786056,-122.4438265
MLS Listing,,Condo/Co-op,489 Harrison St #301,San Francisco,CA,94105,1688000,3,2.5,San Francisco,1551,56024,2008,32,1088,1307,Active,,,https://www.redfin.com/CA/San-Francisco/489-Harrison-St-94105/unit-301/home/17304903,San Francisco MLS,421605794,N,Y,37.7860724,-122.3926053
MLS Listing,,Single Family Residential,1840 Eddy St,San Francisco,CA,94115,2750000,4,3.5,San Francisco,3605,2151,1900,32,763,,Active,,,https://www.redfin.com/CA/San-Francisco/1840-Eddy-St-94115/home/592970,San Francisco MLS,421608403,N,Y,37.7808286,-122.4387896
MLS Listing,,Condo/Co-op,2 Mint Plz #304,San Francisco,CA,94103,336191,1,1.0,San Francisco,631,7776,1926,32,533,773,Active,,,https://www.redfin.com/CA/San-Francisco/2-Mint-Plz-94103/unit-304/home/17304425,San Francisco MLS,421609196,N,Y,37.783154,-122.4076777
MLS Listing,,Condo/Co-op,75 Sierra St #201,San Francisco,CA,94107,1050000,2,2.0,San Francisco,1150,48750,2006,32,913,729,Active,,,https://www.redfin.com/CA/San-Francisco/75-Sierra-St-94107/unit-201/home/12353665,San Francisco MLS,421608739,N,Y,37.7582254,-122.3958759
MLS Listing,,Condo/Co-op,113 Cleo Rand Ln,San Francisco,CA,94124,760000,2,1.5,San Francisco,1150,111214,,33,661,432,Active,,,https://www.redfin.com/CA/San-Francisco/113-Cleo-Rand-Ln-94124/home/739177,San Francisco MLS,421608021,N,Y,37.7287089,-122.3708796
MLS Listing,,Condo/Co-op,401 Harrison St Unit 20C,SAN FRANCISCO,CA,94105,1998000,2,2.0,SAN FRANCISCO,1334,,2014,33,1498,1418,Active,,,https://www.redfin.com/CA/San-Francisco/401-Harrison-St-94105/unit-20C/home/144064211,MLSListings,ML81868961,N,Y,37.7863747,-122.3919931
MLS Listing,,Vacant Land,1235 Sansome St,SAN FRANCISCO,CA,94111,1498000,,,SAN FRANCISCO,,6866,,33,,,Active,,,https://www.redfin.com/CA/San-Francisco/1235-Sansome-St-94111/home/112390042,MLSListings,ML81868930,N,Y,37.8015613,-122.4030781
MLS Listing,,Condo/Co-op,241 San Jose Ave,San Francisco,CA,94110,1199000,4,2.0,Inner Mission,1550,2247,1904,33,774,,Active,,,https://www.redfin.com/CA/San-Francisco/241-San-Jose-Ave-94110/home/177044425,"bridgeMLS, Bay East AOR, or Contra Costa AOR",40972998,N,Y,37.7514524,-122.4213491
MLS Listing,,Condo/Co-op,701 Hampshire St #4,San Francisco,CA,94110,589000,1,1.0,San Francisco,,,1961,33,,322,Active,,,https://www.redfin.com/CA/San-Francisco/701-Hampshire-St-94110/unit-4/home/174960159,San Francisco MLS,421608976,N,Y,37.7603979,-122.4078827
MLS Listing,,Condo/Co-op,3620 Market St #6,San Francisco,CA,94131,1350000,2,2.5,San Francisco,1114,9846,1987,34,1212,545,Active,,,https://www.redfin.com/CA/San-Francisco/3620-Market-St-94131/unit-6/home/1873378,San Francisco MLS,421608664,N,Y,37.7556977,-122.4416295
MLS Listing,,Condo/Co-op,451 Donahue St #414,SAN FRANCISCO,CA,94124,690000,1,1.0,SAN FRANCISCO,744,,2015,34,927,629,Active,,,https://www.redfin.com/CA/San-Francisco/451-Donahue-St-94124/unit-414/home/109464540,MLSListings,ML81868768,N,Y,37.7288191,-122.3697461
MLS Listing,,Condo/Co-op,280 Spear St Unit 8F,San Francisco,CA,94105,1650000,2,2.0,San Francisco,1305,47916,,34,1264,1252,Active,,,https://www.redfin.com/CA/San-Francisco/280-Spear-St-94105/unit-8F/home/175563253,San Francisco MLS,421608682,N,Y,37.7904356,-122.3918209
MLS Listing,,Single Family Residential,850 Steiner St,San Francisco,CA,94117,5125000,4,5.0,San Francisco,4125,3023,1899,34,1242,,Active,,,https://www.redfin.com/CA/San-Francisco/850-Steiner-St-94117/home/148090985,San Francisco MLS,421608231,N,Y,37.7772399,-122.4330086
MLS Listing,,Condo/Co-op,181 Fremont Unit 56B,San Francisco,CA,94105,5900000,2,2.5,San Francisco,2226,,2018,35,2650,3051,Active,,,https://www.redfin.com/CA/San-Francisco/181-Fremont-St-94105/unit-56B/home/167299428,San Francisco MLS,421608610,N,Y,37.7898082,-122.3953565
MLS Listing,,Condo/Co-op,950 Tennessee St #125,San Francisco,CA,94107,1689000,2,2.0,San Francisco,1419,,2020,35,1190,764,Active,,,https://www.redfin.com/CA/San-Francisco/950-Tennessee-St-94107/unit-125/home/175051409,San Francisco MLS,421608636,N,Y,37.7596747,-122.3898245
MLS Listing,,Condo/Co-op,965 Folsom St #303,San Francisco,CA,94107,1100000,1,1.0,San Francisco,1199,8332,2000,35,917,700,Active,,,https://www.redfin.com/CA/San-Francisco/965-Folsom-St-94107/unit-303/home/12396796,San Francisco MLS,421606966,N,Y,37.7789664,-122.4044726
MLS Listing,,Condo/Co-op,335 Berry St #505,San Francisco,CA,94158,303285,1,1.0,San Francisco,730,29040,2009,35,415,555,Active,,,https://www.redfin.com/CA/San-Francisco/335-Berry-St-94158/unit-505/home/28939143,San Francisco MLS,421606933,N,Y,37.7730819,-122.3962416
MLS Listing,,Condo/Co-op,219 - 223 Clayton St #221,San Francisco,CA,94117,1495000,2,1.5,San Francisco,1705,2652,1914,35,877,322,Active,,,https://www.redfin.com/CA/San-Francisco/219-Clayton-St-94117/unit-221/home/177014390,San Francisco MLS,421607790,N,Y,37.7731588,-122.4495672
MLS Listing,,Condo/Co-op,8 Buchanan St #902,San Francisco,CA,94102,1275000,2,2.0,San Francisco,884,21140,2014,36,1442,685,Active,,,https://www.redfin.com/CA/San-Francisco/8-Buchanan-St-94102/unit-902/home/110051404,San Francisco MLS,421607301,N,Y,37.7699851,-122.4265079
MLS Listing,,Single Family Residential,268 Summit Way,San Francisco,CA,94132,1495000,3,2.5,San Francisco,2001,2040,2016,36,747,250,Active,,,https://www.redfin.com/CA/San-Francisco/268-Summit-Way-94132/home/110052106,San Francisco MLS,421608489,N,Y,37.7150004,-122.4774009
MLS Listing,,Multi-Family (2-4 Unit),1235 - 1237 45th Ave,San Francisco,CA,94122,1750000,5,3.0,San Francisco,2200,2996,1912,37,795,,Active,,,https://www.redfin.com/CA/San-Francisco/1235-45th-Ave-94122/home/1948959,San Francisco MLS,421608420,N,Y,37.7634907,-122.5053983
MLS Listing,,Condo/Co-op,55 Red Rock Way Unit 104O,San Francisco,CA,94131,580000,0,1.0,San Francisco,592,7396,1972,37,980,516,Active,,,https://www.redfin.com/CA/San-Francisco/55-Red-Rock-Way-94131/unit-104O/home/1880669,San Francisco MLS,421606514,N,Y,37.7459864,-122.4410176
MLS Listing,,Condo/Co-op,631 Ofarrell St #1905,San Francisco,CA,94109,469000,0,1.0,San Francisco,546,18438,1930,37,859,800,Active,,,https://www.redfin.com/CA/San-Francisco/631-O-Farrell-St-94109/unit-1905/home/1450861,San Francisco MLS,421597945,N,Y,37.7852037,-122.4151808
MLS Listing,,Condo/Co-op,"2 Fallon Pl Unit 24,25",San Francisco,CA,94133,1395000,1,1.5,San Francisco,1174,21923,1980,37,1188,1443,Active,,,https://www.redfin.com/CA/San-Francisco/2-Fallon-Pl-94133/unit-24-25/home/177014447,San Francisco MLS,421594577,N,Y,37.797786,-122.4132891
MLS Listing,,Single Family Residential,1641 Green St,San Francisco,CA,94123,6925000,3,3.5,San Francisco,2705,4120,1940,37,2560,,Active,,,https://www.redfin.com/CA/San-Francisco/1641-Green-St-94123/home/2035752,San Francisco MLS,421606016,N,Y,37.7972108,-122.4261755
MLS Listing,,Multi-Family (2-4 Unit),1254 - 1258 Leavenworth St,San Francisco,CA,94109,2500000,10,3.0,San Francisco,4028,2500,1908,37,621,,Active,,,https://www.redfin.com/CA/San-Francisco/1254-Leavenworth-St-94109/home/28945811,San Francisco MLS,421600036,N,Y,37.7928295,-122.4159544
MLS Listing,,Condo/Co-op,5102 Diamond Heights Blvd Unit B,San Francisco,CA,94131,1248000,3,2.0,San Francisco,,,,37,,1030,Active,,,https://www.redfin.com/CA/San-Francisco/5102-Diamond-Heights-Blvd-94131/unit-B/home/1729023,San Francisco MLS,421608195,N,Y,37.7467768,-122.4420467
MLS Listing,,Condo/Co-op,456 Vallejo St Unit A,San Francisco,CA,94133,2495000,3,2.0,San Francisco,2045,2748,1910,37,1220,,Active,,,https://www.redfin.com/CA/San-Francisco/456-Vallejo-St-94133/unit-A/home/176998818,San Francisco MLS,421607502,N,Y,37.7993368,-122.4050027
MLS Listing,,Condo/Co-op,451 Donahue St #510,San Francisco,CA,94124,730000,2,2.0,San Francisco,1024,,2016,37,713,603,Active,,,https://www.redfin.com/CA/San-Francisco/451-Donahue-St-94124/unit-510/home/109464697,San Francisco MLS,421608169,N,Y,37.7288191,-122.3697461
MLS Listing,,Condo/Co-op,88 Townsend St #327,San Francisco,CA,94107,963000,1,1.0,San Francisco,791,37623,2004,37,1217,614,Active,,,https://www.redfin.com/CA/San-Francisco/88-Townsend-St-94102/unit-327/home/12401561,San Francisco MLS,421606099,N,Y,37.7811985,-122.3906654
MLS Listing,,Condo/Co-op,2 Mint Plz #206,San Francisco,CA,94103,629000,1,1.0,San Francisco,674,7776,1926,37,933,804,Active,,,https://www.redfin.com/CA/San-Francisco/2-Mint-Plz-94103/unit-206/home/17306449,San Francisco MLS,421608137,N,Y,37.783154,-122.4076777
MLS Listing,,Condo/Co-op,1545 Pine St #701,San Francisco,CA,94109,1800000,2,2.0,San Francisco,1071,14553,2017,37,1681,984,Active,,,https://www.redfin.com/CA/San-Francisco/1545-Pine-St-94109/unit-701/home/145945316,San Francisco MLS,421608069,N,Y,37.7893082,-122.4211982
MLS Listing,,Condo/Co-op,1079 Lombard St #301,San Francisco,CA,94109,4595000,3,4.5,San Francisco,3135,3295,1907,37,1466,448,Active,December-9-2021 06:00 PM,December-9-2021 07:30 PM,https://www.redfin.com/CA/San-Francisco/1079-Lombard-St-94109/unit-301/home/176994281,San Francisco MLS,421606668,N,Y,37.801964,-122.4192414
MLS Listing,,Multi-Family (2-4 Unit),51 - 55 Webster St,San Francisco,CA,94117,1995000,6,3.5,San Francisco,3069,1947,1900,37,650,,Active,,,https://www.redfin.com/CA/San-Francisco/51-Webster-St-94117/home/582087,San Francisco MLS,421607822,N,Y,37.7705448,-122.4287093
MLS Listing,,Condo/Co-op,34 Varennes St,San Francisco,CA,94133,749000,2,1.0,San Francisco,600,,1906,38,1248,288,Active,,,https://www.redfin.com/CA/San-Francisco/34-Varennes-St-94133/home/40053809,San Francisco MLS,421605440,N,Y,37.800299,-122.4066221
MLS Listing,,Condo/Co-op,950 Tennessee St #217,San Francisco,CA,94107,595000,0,1.0,San Francisco,432,,2020,38,1377,435,Active,,,https://www.redfin.com/CA/San-Francisco/950-Tennessee-St-94107/unit-217/home/172713167,San Francisco MLS,421608056,N,Y,37.7596747,-122.3898245
MLS Listing,,Condo/Co-op,1100 Leavenworth St #1298,San Francisco,CA,94109,650000,1,1.0,San Francisco,468,2406,1910,38,1389,524,Active,,,https://www.redfin.com/CA/San-Francisco/1100-Leavenworth-St-94109/unit-1298/home/176992862,San Francisco MLS,421607912,N,Y,37.7914729,-122.4156931
MLS Listing,,Condo/Co-op,3410 California St,San Francisco,CA,94118,1485000,2,2.0,San Francisco,1197,3318,2006,38,1241,450,Active,,,https://www.redfin.com/CA/San-Francisco/3410-California-St-94118/home/12402275,San Francisco MLS,421606301,N,Y,37.7870565,-122.4507192
MLS Listing,,Vacant Land,1697 - 1699 Quint St,San Francisco,CA,94124,399000,0,,San Francisco,,8802,,38,,,Active,,,https://www.redfin.com/CA/San-Francisco/1697-Quint-St-94124/home/102821258,San Francisco MLS,421607765,N,Y,37.7353354,-122.3982046
MLS Listing,,Single Family Residential,88 Stanford Heights Ave,San Francisco,CA,94127,1099000,3,2.5,San Francisco,1612,2548,,38,682,,Active,,,https://www.redfin.com/CA/San-Francisco/88-Stanford-Heights-Ave-94127/home/690404,San Francisco MLS,421607816,N,Y,37.7356873,-122.4498442
MLS Listing,,Condo/Co-op,8300 Oceanview Ter #203,San Francisco,CA,94132,589000,1,1.0,San Francisco,688,325629,2002,38,856,616,Active,,,https://www.redfin.com/CA/San-Francisco/8300-Oceanview-Ter-94132/unit-203/home/1321500,San Francisco MLS,421605106,N,Y,37.7100162,-122.4683516
MLS Listing,,Condo/Co-op,1050 Noriega St,San Francisco,CA,94122,1888000,4,3.5,San Francisco,2365,3250,1916,38,798,,Active,,,https://www.redfin.com/CA/San-Francisco/1050-Noriega-St-94122/unit-18TH/home/641438,San Francisco MLS,421605360,N,Y,37.7545183,-122.4752724
MLS Listing,,Condo/Co-op,1 Crescent Way #1213,San Francisco,CA,94134,565838,2,2.0,San Francisco,1063,42105,2001,38,532,607,Active,,,https://www.redfin.com/CA/San-Francisco/1-Crescent-Way-94134/unit-1213/home/919650,San Francisco MLS,421603710,N,Y,37.7107619,-122.3903114
MLS Listing,,Condo/Co-op,3374 22nd St,San Francisco,CA,94110,1079000,2,1.5,San Francisco,1230,2850,1907,38,877,,Active,,,https://www.redfin.com/CA/San-Francisco/3374-22nd-St-94110/home/176988404,San Francisco MLS,421606360,N,Y,37.7553128,-122.4225653
MLS Listing,,Single Family Residential,191 San Felipe Ave,San Francisco,CA,94127,2999000,3,3.0,San Francisco,3085,3933,1926,38,972,,Active,,,https://www.redfin.com/CA/San-Francisco/191-San-Felipe-Ave-94127/home/1212225,San Francisco MLS,421603881,N,Y,37.7323193,-122.4634647
MLS Listing,,Single Family Residential,1418 Plymouth Ave,San Francisco,CA,94112,1095000,2,1.0,San Francisco,1280,3267,1927,38,855,12,Active,,,https://www.redfin.com/CA/San-Francisco/1418-Plymouth-Ave-94112/home/696827,San Francisco MLS,421607694,N,Y,37.7278969,-122.4562999
MLS Listing,,Single Family Residential,809 Scott St,San Francisco,CA,94117,5795000,4,3.5,San Francisco,4274,3998,1900,38,1356,,Active,,,https://www.redfin.com/CA/San-Francisco/809-Scott-St-94117/home/595785,San Francisco MLS,421586903,N,Y,37.7773835,-122.436793
MLS Listing,,Multi-Family (2-4 Unit),668 - 668B 29th St,San Francisco,CA,94131,1550000,3,2.0,San Francisco,2090,2848,1910,38,742,,Active,,,https://www.redfin.com/CA/San-Francisco/668-29th-St-94131/home/843808,San Francisco MLS,421591341,N,Y,37.7433549,-122.4348355
MLS Listing,,Condo/Co-op,435 China Basin St #322,San Francisco,CA,94158,1380000,2,2.0,San Francisco,1185,122891,2012,39,1165,863,Active,,,https://www.redfin.com/CA/San-Francisco/435-China-Basin-St-94158/unit-322/home/40629253,San Francisco MLS,421605957,N,Y,37.7718864,-122.3885728
MLS Listing,,Condo/Co-op,488 Folsom St #4106,San Francisco,CA,94105,1995000,2,2.0,San Francisco,1142,,2019,39,1747,1633,Active,,,https://www.redfin.com/CA/San-Francisco/488-Folsom-St-94105/unit-4106/home/169571688,San Francisco MLS,421607620,N,Y,37.7877451,-122.3945599
MLS Listing,,Condo/Co-op,488 Folsom #4801,San Francisco,CA,94105,5400000,3,3.0,San Francisco,2159,,2019,39,2501,1908,Active,,,https://www.redfin.com/CA/San-Francisco/488-Folsom-St-94105/unit-4801/home/147285114,San Francisco MLS,421607615,N,Y,37.7877451,-122.3945599
MLS Listing,,Condo/Co-op,3166 26th St #2,San Francisco,CA,94110,995000,2,2.0,San Francisco,1550,2328,2001,39,642,300,Active,,,https://www.redfin.com/CA/San-Francisco/3166-26th-St-94110/unit-2/home/997448,San Francisco MLS,421606980,N,Y,37.7495135,-122.4133224
MLS Listing,,Condo/Co-op,3651 Webster St,San Francisco,CA,94123,2491000,3,2.5,San Francisco,2100,2500,1934,39,1186,,Active,,,https://www.redfin.com/CA/San-Francisco/3651-Webster-St-94123/home/1268330,San Francisco MLS,421606932,N,Y,37.8044571,-122.4355927
MLS Listing,,Condo/Co-op,631 Ofarrell St #1705,San Francisco,CA,94109,425000,0,1.0,San Francisco,546,18438,,39,778,820,Active,,,https://www.redfin.com/CA/San-Francisco/631-O-Farrell-St-94109/unit-1705/home/1039518,San Francisco MLS,421607400,N,Y,37.7852037,-122.4151808
MLS Listing,,Condo/Co-op,555 Innes Ave #211,SAN FRANCISCO,CA,94124,498000,1,1.0,SAN FRANCISCO,603,,2016,40,826,469,Active,,,https://www.redfin.com/CA/San-Francisco/555-Innes-Ave-94124/unit-211/home/99819338,MLSListings,ML81868181,N,Y,37.7281082,-122.3692429
MLS Listing,,Vacant Land,970 Ashbury St,San Francisco,CA,94117,1500000,0,,San Francisco,,3602,,40,,,Active,,,https://www.redfin.com/CA/San-Francisco/970-Ashbury-St-94117/unit-V/home/110056719,San Francisco MLS,421607315,N,Y,37.764665,-122.445491
MLS Listing,,Condo/Co-op,2555 Leavenworth St #305,SAN FRANCISCO,CA,94133,799000,1,1.0,SAN FRANCISCO,672,,1961,40,1189,625,Active,,,https://www.redfin.com/CA/San-Francisco/2555-Leavenworth-St-94133/unit-305/home/1450496,MLSListings,ML81867778,N,Y,37.804693,-122.418709
MLS Listing,,Condo/Co-op,707 Capp St,San Francisco,CA,94110,1750000,4,2.0,San Francisco,2045,3262,1900,40,856,,Active,,,https://www.redfin.com/CA/San-Francisco/707-Capp-St-94110/home/1352425,San Francisco MLS,421607278,N,Y,37.7551041,-122.4173025
MLS Listing,,Multi-Family (2-4 Unit),1180 Clayton St,San Francisco,CA,94117,4800000,6,9.0,San Francisco,4320,2151,1928,40,1111,,Active,,,https://www.redfin.com/CA/San-Francisco/1180-Clayton-St-94117/home/1916774,San Francisco MLS,421607285,N,Y,37.7620647,-122.4466575
MLS Listing,,Condo/Co-op,875 California St #302,San Francisco,CA,94108,2395000,2,2.0,San Francisco,1430,,2020,40,1675,1841,Active,,,https://www.redfin.com/CA/San-Francisco/875-California-St-94108/unit-302/home/176963926,San Francisco MLS,421607112,N,Y,37.7918051,-122.4087206
