1,1249000,Single Family Residential,4,2.0,San Francisco,94132,419 Garfield St
2,1488888,Single Family Residential,4,2.5,San Francisco,94110,3670 Mission St
3,998000,Condo/Co-op,1,1.0,San Francisco,94109,151 Alice B. Toklas Pl #509
4,1995000,Condo/Co-op,4,3.0,San Francisco,94115,1938 Scott St
5,7900000,Condo/Co-op,3,3.0,San Francisco,94105,401 Harrison St Unit 46B
6,599000,Condo/Co-op,2,1.0,San Francisco,94115,10 Inca Ln #1
7,1498000,Single Family Residential,5,4.0,SAN FRANCISCO,94121,836 48th Ave
8,1888000,Single Family Residential,2,2.5,SAN FRANCISCO,94103,773 Minna St
9,485000,Condo/Co-op,0,1.0,SAN FRANCISCO,94105,201 Harrison St #501
10,750000,Condo/Co-op,1,1.0,San Francisco,94107,461 2nd St Unit C118
11,1250000,Condo/Co-op,1,2.0,San Francisco,94109,1101 Green St #603
12,1498000,Multi-Family (2-4 Unit),3,2.0,San Francisco,94133,1059 Montgomery St
13,3500000,Single Family Residential,4,3.0,San Francisco,94123,3253 Baker St
14,623950,Condo/Co-op,1,1.0,SAN FRANCISCO,94121,471 23rd Ave #2
15,899000,Single Family Residential,2,1.0,San Francisco,94112,762 Edinburgh St
16,4500000,Multi-Family (5+ Unit),0,,San Francisco,94114,2324 Market St
17,595000,Condo/Co-op,1,1.0,San Francisco,94103,470 Clementina St #201
18,2495000,Single Family Residential,3,3.5,San Francisco,94114,942 Noe St
19,1098000,Condo/Co-op,2,2.0,San Francisco,94107,555 - 1674 4th St #603
20,998000,Single Family Residential,3,3.0,San Francisco,94124,59 Reddy St
21,998888,Single Family Residential,4,3.0,SAN FRANCISCO,94134,122 Gillette Ave
22,1950000,Single Family Residential,5,4.0,San Francisco,94109,1876 - 78 Bush St
23,548500,Condo/Co-op,1,1.0,San Francisco,94124,550 Innes St #101
24,1390000,Condo/Co-op,3,1.0,San Francisco,94117,577 Page St
25,1750000,Single Family Residential,3,1.5,San Francisco,94127,780 Darien Way
26,1188000,Condo/Co-op,2,2.0,SAN FRANCISCO,94118,501 Arguello Blvd #204
27,1345000,Condo/Co-op,4,2.0,San Francisco,94121,451 26th Ave
28,1190000,Multi-Family (2-4 Unit),3,4.0,San Francisco,94121,335 27th Ave
29,899000,Single Family Residential,2,1.0,San Francisco,94110,241 Gates St
30,1288000,Single Family Residential,3,1.0,San Francisco,94122,1574 41st Ave
31,995000,Single Family Residential,3,2.0,San Francisco,94112,639 Hearst Ave
32,1825000,Condo/Co-op,3,3.0,San Francisco,94109,2444 Van Ness Ave #1
33,1549000,Condo/Co-op,2,2.0,San Francisco,94110,943 Treat Ave
34,898000,Single Family Residential,2,1.0,San Francisco,94134,1463 Silver Ave
35,735000,Condo/Co-op,1,1.0,San Francisco,94111,111 Chestnut St #807
36,859000,Single Family Residential,3,2.0,San Francisco,94112,126 Thrift St
37,1495000,Condo/Co-op,2,2.0,San Francisco,94117,1770 Fell St #4
38,1095000,Condo/Co-op,2,1.0,San Francisco,94105,280 Spear St Unit 1F
39,1195000,Single Family Residential,3,2.0,San Francisco,94116,2331 46th Ave
40,1350000,Condo/Co-op,3,1.0,San Francisco,94117,612 Broderick St
41,1699000,Single Family Residential,3,2.0,San Francisco,94112,235 Montecito Ave
42,999000,Condo/Co-op,3,1.0,San Francisco,94114,3639 - 3645 16th St #3643
43,1680000,Single Family Residential,5,3.0,San Francisco,94116,1942 44th Ave
44,1225000,Single Family Residential,2,1.0,San Francisco,94122,1515 28th Ave
45,999000,Condo/Co-op,2,1.0,San Francisco,94110,2926 21st St
46,1195000,Single Family Residential,2,1.0,San Francisco,94122,1719 39TH Ave
47,749999,Condo/Co-op,1,1.0,San Francisco,94105-4432,400 Beale St #1802
48,768000,Condo/Co-op,1,1.0,San Francisco,94103,230 7th St Unit E4
49,4495000,Single Family Residential,4,3.5,San Francisco,94131,2476 Diamond St
50,879000,Condo/Co-op,2,1.5,SAN FRANCISCO,94103,132 Langton St
51,1325000,Condo/Co-op,2,2.0,San Francisco,94105,333 1st St Unit N1807
52,980000,Condo/Co-op,3,2.0,San Francisco,94134,401 Crescent Ct #4411
53,1300000,Single Family Residential,2,1.0,San Francisco,94121,884 43rd Ave
54,1798000,Single Family Residential,4,3.0,San Francisco,94116,2219 39th Ave
55,1199000,Single Family Residential,4,2.0,San Francisco,94112,434 Ellington Ave
56,599000,Condo/Co-op,1,1.0,San Francisco,94124,10 Kennedy Pl #203
57,2499000,Single Family Residential,6,4.5,San Francisco,94132,1700 Sloat Blvd
58,8250000,Multi-Family (5+ Unit),0,,San Francisco,94109,1605 - 1617 Washington St
59,1299000,Multi-Family (2-4 Unit),,,San Francisco,94110,2645 Bryant St
60,1685000,Condo/Co-op,2,2.0,SAN FRANCISCO,94109,1215 Greenwich St Unit 1C
61,1620000,Single Family Residential,4,3.0,SAN FRANCISCO,94121,806 46th Ave
62,949000,Single Family Residential,2,2.0,San Francisco,94109,14 Allen St
63,1795000,Condo/Co-op,3,2.0,San Francisco,94117,2174 Fell St
64,599000,Condo/Co-op,1,1.0,San Francisco,94102,601 Van Ness Ave #430
65,1125000,Single Family Residential,2,1.0,San Francisco,94116,2626 23rd Ave
66,950000,Condo/Co-op,1,1.0,San Francisco,94109,1201 California St #104
67,1650000,Condo/Co-op,2,2.0,San Francisco,94109,1201 California St #102
68,1595000,Condo/Co-op,2,2.0,San Francisco,94110,1188 Valencia St #101
69,1279000,Condo/Co-op,2,2.5,San Francisco,94117,38 Steiner St #103
70,2999999,Condo/Co-op,2,2.0,San Francisco,94133,1360 Montgomery St #11
71,498000,Condo/Co-op,1,1.0,San Francisco,94115,1465 Laguna St #2
72,1000000,Condo/Co-op,3,2.0,San Francisco,94109,66 Cleary Ct #305
73,1188000,Single Family Residential,2,1.0,San Francisco,94122,1254 36th Ave
74,3998000,Condo/Co-op,2,2.0,San Francisco,94105,425 1st St #6004
75,5500000,Vacant Land,0,,San Francisco,94103,1088 Howard St
76,1350000,Multi-Family (2-4 Unit),6,3.0,San Francisco,94110,2937 - 2939 Harrison St
77,1695000,Single Family Residential,3,2.0,San Francisco,94131,248 Valley St
78,800000,Condo/Co-op,1,1.5,San Francisco,94107,415 Bryant St #3
79,1900000,Multi-Family (2-4 Unit),4,2.0,San Francisco,94117,216 - 218 Downey St
80,1095000,Multi-Family (2-4 Unit),4,1.0,San Francisco,94110,2665 - 2667 Bryant St
81,1195000,Condo/Co-op,2,1.0,San Francisco,94121,6516 California St
82,1095000,Single Family Residential,3,2.0,San Francisco,94122,1706 9th Ave
83,798000,Condo/Co-op,1,1.0,San Francisco,94102,55 Oak St #508
84,749900,Condo/Co-op,1,1.0,San Francisco,94107,701 Minnesota #116
85,1630000,Single Family Residential,2,1.0,San Francisco,94127,44 Juanita Way
86,1398000,Single Family Residential,3,1.5,San Francisco,94116,2055 42nd Ave
87,1698000,Single Family Residential,4,3.0,San Francisco,94112,916 Vienna St
88,2500000,Vacant Land,0,,San Francisco,94109,1343 Sacramento St
89,2495000,Single Family Residential,3,3.5,San Francisco,94110,215 Montcalm St
90,1000000,Multi-Family (2-4 Unit),2,1.0,San Francisco,94134,153 Silliman St
91,3100000,Single Family Residential,4,2.0,San Francisco,94110,473 Andover St
92,1249000,Multi-Family (2-4 Unit),4,3.0,San Francisco,94116,2488 39th Ave
93,998000,Single Family Residential,2,1.0,SAN FRANCISCO,94134,281 Peninsula Ave
94,1399000,Condo/Co-op,2,2.0,San Francisco,94107,88 King St #318
95,2495000,Multi-Family (2-4 Unit),4,4.0,San Francisco,94115,2436 Bush St
96,1599000,Condo/Co-op,2,2.0,San Francisco,94111,170 Pacific Ave #53
97,995000,Single Family Residential,2,1.5,San Francisco,94127,130 Pinehurst Way
98,1450000,Single Family Residential,2,1.0,San Francisco,94112,32 Navajo Ave
99,699000,Condo/Co-op,1,1.0,SAN FRANCISCO,94105,403 Main St Unit 208N
100,550000,Condo/Co-op,1,1.0,San Francisco,94131,80 Ora Way Unit G104
101,1199000,Condo/Co-op,2,2.5,San Francisco,94109,1452 Bush St #1
102,995000,Single Family Residential,3,2.0,SAN FRANCISCO,94110,212 Putnam St
103,769000,Condo/Co-op,1,1.0,San Francisco,94115,2211 California St #306
104,500000,Condo/Co-op,2,1.5,San Francisco,94124,1780 Bancroft Ave #554
105,918000,Condo/Co-op,2,1.0,San Francisco,94110,3380 20th St #301
106,381135,Condo/Co-op,1,1.0,San Francisco,94103,198 Valencia St #201
107,4880000,Single Family Residential,15,6.5,San Francisco,94110,822 South Van Ness Ave
108,995000,Condo/Co-op,2,1.0,San Francisco,94117,649 Central Ave
109,413821,Condo/Co-op,1,1.0,San Francisco,94107,901 - 53 Tennessee St #310
110,6950000,Multi-Family (5+ Unit),3,4.0,San Francisco,94109,1221 Greenwich St
111,2295000,Single Family Residential,4,4.0,San Francisco,94110,12 Roscoe St
112,1350000,Condo/Co-op,1,1.0,San Francisco,94123,1515 Union Unit 5F
113,1650000,Condo/Co-op,2,2.0,San Francisco,94105,338 Spear St Unit 11B
114,1899000,Single Family Residential,3,2.0,San Francisco,94110,120 Elsie
115,2798000,Multi-Family (2-4 Unit),5,3.0,San Francisco,94114,40 - 42 Sanchez St
116,799000,Condo/Co-op,2,1.0,San Francisco,94103,49 Hallam St
117,999000,Condo/Co-op,3,1.5,San Francisco,94110,1659 Dolores St
118,1395000,Condo/Co-op,3,1.0,San Francisco,94115,753 Baker St
119,995000,Single Family Residential,2,1.0,San Francisco,94127,55 Burlwood Dr
120,1500000,Multi-Family (2-4 Unit),3,,San Francisco,94122,4146 - 4150 Moraga St
121,1695000,Condo/Co-op,3,2.0,San Francisco,94105,280 Spear St Unit 7H
122,7600000,Single Family Residential,4,4.5,San Francisco,94115,2331 Jackson St
123,1495000,Condo/Co-op,2,2.0,San Francisco,94114,2750 Market St #203
124,1198000,Condo/Co-op,2,2.0,San Francisco,94107,555 4th St #717
125,4895000,Single Family Residential,4,3.5,San Francisco,94127,990 Monterey Blvd
126,4595000,Condo/Co-op,3,3.0,SAN FRANCISCO,94105,181 Fremont St Unit 60A
127,5895000,Single Family Residential,4,5.0,SAN FRANCISCO,94109,2531 Larkin St
128,2825000,Multi-Family (2-4 Unit),9,,San Francisco,94115,1443 - 1447 Broderick St
129,700000,Townhouse,1,1.0,San Francisco,94105,489 Harrison St #307
130,1895000,Single Family Residential,4,2.5,San Francisco,94121,4824 Fulton St
131,1679000,Condo/Co-op,2,2.0,San Francisco,94105,425 1st St #2306
132,699999,Condo/Co-op,1,1.0,San Francisco,94105,201 Harrison St #300
133,1300000,Condo/Co-op,1,1.0,San Francisco,94109,1101 Green St #1404
134,1299000,Condo/Co-op,1,1.5,San Francisco,94105,318 Main St Unit 3C
135,2750000,Multi-Family (2-4 Unit),,,San Francisco,94132,89 Belle Ave
136,2705000,Condo/Co-op,4,2.5,SAN FRANCISCO,94110,292 Richland Ave
137,499000,Vacant Land,0,,San Francisco,94110,76 Putnam St
138,500000,Condo/Co-op,0,1.0,San Francisco,94109,631 Ofarrell St #502
139,899000,Single Family Residential,2,1.0,San Francisco,94134,33 Sweeny St
140,2750000,Multi-Family (2-4 Unit),5,1.5,San Francisco,94118,172 - 174 4th Ave
141,799000,Condo/Co-op,1,1.0,San Francisco,94109,1200 Gough St Unit 14E
142,515671,Condo/Co-op,2,1.0,San Francisco,94124,2956 Arelious Walker Dr
143,895000,Condo/Co-op,1,1.5,San Francisco,94110,88 Hoff St #206
144,1299000,Condo/Co-op,1,1.0,San Francisco,94102,55 Oak St #211
145,1468000,Condo/Co-op,2,2.0,San Francisco,94102,55 Oak St #805
146,1199000,Condo/Co-op,1,1.0,San Francisco,94102,55 Oak St #301
147,699000,Condo/Co-op,1,1.0,SAN FRANCISCO,94124,52 Innes Ct #308
148,394786,Condo/Co-op,1,1.5,San Francisco,94102,181 Ofarrell St #311
149,1500000,Single Family Residential,5,2.5,San Francisco,94116,2271 45th Ave
150,2200000,Multi-Family (2-4 Unit),4,3.0,San Francisco,94122,1234 - 1236 7th Ave
151,333245,Condo/Co-op,0,1.0,San Francisco,94102,55 Page St #211
152,639000,Condo/Co-op,0,1.0,San Francisco,94109,1 Daniel Burnham Ct #617
153,698000,Condo/Co-op,1,1.0,San Francisco,94107,555 4th St #502
154,1450000,Townhouse,3,2.5,San Francisco,94132,83 Summit Way
155,799000,Condo/Co-op,2,1.0,San Francisco,94127,1920 - 2E Ocean Ave
156,1290000,Condo/Co-op,2,2.0,San Francisco,94103,345 8th St #406
157,2799888,Multi-Family (2-4 Unit),4,2.0,SAN FRANCISCO,94110,150 Liberty St
158,5615000,Multi-Family (2-4 Unit),5,4.0,San Francisco,94133,288 Union St
159,2245000,Condo/Co-op,3,2.5,SAN FRANCISCO,94110,290 Richland Ave
160,940000,Condo/Co-op,1,1.5,San Francisco,94103,58 Rodgers St
161,650000,Condo/Co-op,1,1.0,San Francisco,94117,1445 Page St Unit A
162,1495000,Condo/Co-op,2,1.5,San Francisco,94133,288 Union St #2
163,1788000,Multi-Family (2-4 Unit),7,4.5,San Francisco,94121,591 - 593 34th Ave
164,635000,Condo/Co-op,1,1.0,San Francisco,94134,101 Crescent Way #2104
165,895000,Condo/Co-op,1,1.0,San Francisco,94109,1050 North Point St #1705
166,1399888,Condo/Co-op,2,2.0,San Francisco,94107,260 King St #1603
167,1795000,Single Family Residential,3,3.0,San Francisco,94122,1371 44th Ave
168,1869000,Condo/Co-op,2,2.5,San Francisco,94110,858 Capp St #1
169,1799000,Condo/Co-op,3,1.5,San Francisco,94117,1100 - 1102 Page St #1102
170,1556900,Condo/Co-op,3,2.5,SAN FRANCISCO,94134,499 Cambridge St
171,1195000,Multi-Family (2-4 Unit),,,SAN FRANCISCO,94110,3016 26th St
172,1579000,Multi-Family (2-4 Unit),5,5.0,San Francisco,94124,1795 - 1797 Oakdale Ave
173,649000,Condo/Co-op,1,1.0,San Francisco,94107,555 4th St #923
174,958000,Condo/Co-op,2,1.0,San Francisco,94102,555 Golden Gate Ave Unit 10F
175,569000,Condo/Co-op,1,1.0,San Francisco,94102,601 Van Ness Ave #542
176,4500000,Single Family Residential,4,3.5,San Francisco,94115,1815 Laguna St
177,599000,Condo/Co-op,1,1.0,San Francisco,94132,8200 Oceanview Ter #105
178,469000,Condo/Co-op,1,1.0,San Francisco,94102,601 Van Ness Ave #206
179,1995000,Condo/Co-op,3,2.0,San Francisco,94103,1160 Mission St #2213
180,1449000,Single Family Residential,1,1.0,San Francisco,94131,211 Miguel St
181,1475000,Condo/Co-op,2,2.0,San Francisco,94105,280 Spear St Unit 8C
182,2280000,Single Family Residential,4,4.0,San Francisco,94110,106 Bache St
183,1088000,Single Family Residential,3,1.0,San Francisco,94112,243 Granada Ave
184,958000,Condo/Co-op,1,1.0,SAN FRANCISCO,94107,1001 17th St #101
185,895000,Single Family Residential,2,1.0,San Francisco,94134,1439 Silver Ave
186,2885000,Single Family Residential,5,3.0,SAN FRANCISCO,94127,375 URBANO Dr
187,999000,Condo/Co-op,1,1.0,San Francisco,94102,55 Oak St #412
188,870000,Condo/Co-op,1,1.0,San Francisco,94102,55 Oak St #303
189,949000,Condo/Co-op,1,1.0,San Francisco,94107,300 3rd St #314
190,1450000,Multi-Family (2-4 Unit),3,,San Francisco,94110,3723 - 3725 Mission St
191,12000000,Single Family Residential,5,5.5,San Francisco,94131,625 Duncan St
192,5700000,Single Family Residential,4,4.0,San Francisco,94121,10 Sea Cliff Ave
193,1595000,Condo/Co-op,2,2.0,San Francisco,94109,1328 Greenwich St
194,1495000,Multi-Family (2-4 Unit),4,2.0,San Francisco,94110,1126 - 1128 Hampshire St
195,2400000,Vacant Land,0,,San Francisco,94110,1056 - 1060 Potrero Ave
196,453728,Townhouse,2,2.0,San Francisco,94124,17 Bowman Ct
197,3000000,Multi-Family (2-4 Unit),4,3.0,San Francisco,94114,3850 23rd St
198,998000,Condo/Co-op,1,1.0,San Francisco,94108,1177 California St #1012
199,678000,Condo/Co-op,1,1.0,San Francisco,94109,1 Daniel Burnham Ct #206
200,950000,Multi-Family (2-4 Unit),3,,San Francisco,94110,160 - 162 Lexington St
201,1595000,Condo/Co-op,2,2.0,San Francisco,94104,690 Market St #1703
202,2500000,Multi-Family (5+ Unit),0,,San Francisco,94110,711 Guerrero St
203,445000,Condo/Co-op,0,1.0,San Francisco,94109,1145 Pine St #43
204,780000,Condo/Co-op,2,2.0,San Francisco,94131,96 Malta Dr
205,1850000,Multi-Family (2-4 Unit),2,2.0,San Francisco,94110,341 - 343 Lexington St
206,1999000,Condo/Co-op,4,3.0,San Francisco,94114,20 Hancock St Unit A
207,725000,Condo/Co-op,0,1.0,San Francisco,94102,960 Market St #214
208,699000,Condo/Co-op,0,1.0,San Francisco,94102,960 Market St #221
209,499000,Condo/Co-op,0,1.0,San Francisco,94102,960 Market St #204
210,2288888,Multi-Family (2-4 Unit),4,2.0,San Francisco,94114,15-17 States St
211,849000,Condo/Co-op,1,1.0,San Francisco,94133,55 Vandewater St #7
212,799000,Single Family Residential,3,1.0,San Francisco,94112,273 Vienna St
213,795000,Condo/Co-op,1,1.0,San Francisco,94118,2001 Mcallister St #243
214,980000,Multi-Family (2-4 Unit),4,2.0,SAN FRANCISCO,94110,832 Florida St
215,1425000,Condo/Co-op,2,1.5,San Francisco,94133,288 Union St #1
216,1695000,Single Family Residential,3,2.5,San Francisco,94121,834 30Th Ave
217,1198000,Condo/Co-op,3,2.0,San Francisco,94110,635 South Van Ness Ave Unit A
218,1050000,Condo/Co-op,2,1.0,San Francisco,94108,637 Powell St #301
219,1295000,Single Family Residential,6,4.0,San Francisco,94112,133 Jules Ave
220,499000,Condo/Co-op,1,1.0,San Francisco,94110,1385 - 1387 Hampshire St Unit 1387B
221,1987888,Condo/Co-op,3,2.0,San Francisco,94107,200 Brannan St #419
222,459000,Condo/Co-op,1,1.0,San Francisco,94110,1385 - 1387 Hampshire St Unit 1387A
223,1695000,Condo/Co-op,3,2.0,San Francisco,94131,567 27th St #3
224,2395000,Single Family Residential,3,3.0,San Francisco,94121,555 33rd Ave
225,1199000,Condo/Co-op,2,2.0,SAN FRANCISCO,94107,250 King St #500
226,4650000,Multi-Family (2-4 Unit),8,,San Francisco,94118,3877 - 3879 Jackson St
227,1095000,Condo/Co-op,1,1.0,San Francisco,94109,1895 Pacific Ave #206
228,678000,Condo/Co-op,1,1.0,San Francisco,94103,230 7th St Unit K3
229,3998888,Condo/Co-op,2,2.5,San Francisco,94105,188 Minna St Unit 36D
230,1395000,Single Family Residential,3,2.0,San Francisco,94112,916 Athens St
231,1398888,Condo/Co-op,2,2.0,San Francisco,94158,1000 3Rd St #314
232,1198000,Condo/Co-op,2,2.0,San Francisco,94102,555 Golden Gate Ave Unit 9G
233,828888,Condo/Co-op,1,1.0,San Francisco,94103,555 Golden Gate Ave Unit 10B
234,1450000,Single Family Residential,2,1.0,SAN FRANCISCO,94131,4231 26th St
235,1115000,Condo/Co-op,1,1.0,San Francisco,94123,135 Pixley St #1
236,850000,Condo/Co-op,1,1.0,San Francisco,94122,720 Moraga St #3
237,2525000,Condo/Co-op,2,2.0,San Francisco,94105,280 Spear St Unit 30A
238,2495000,Condo/Co-op,1,1.0,San Francisco,94133,288 Union St #3
239,998000,Condo/Co-op,2,2.0,San Francisco,94107,555 4th St #501
240,2800000,Multi-Family (5+ Unit),4,4.0,San Francisco,94110,3375 22nd St
241,535000,Condo/Co-op,1,1.0,San Francisco,94102,75 Lily St #5
242,4950000,Multi-Family (5+ Unit),0,,San Francisco,94117,1692 - 1698 Haight St
243,200000,Vacant Land,0,,San Francisco,94124,1699 Quint St
244,5495000,Condo/Co-op,2,2.5,San Francisco,94108,1170 Sacramento St Unit 14C
245,4095000,Multi-Family (5+ Unit),0,,San Francisco,94107,328 Pennsylvania Ave
246,680000,Condo/Co-op,2,2.0,San Francisco,94131,94 Malta Dr
247,849000,Single Family Residential,1,1.0,San Francisco,94114,4353 17th St
248,2895000,Multi-Family (2-4 Unit),7,5.0,San Francisco,94131,1824 Church St
249,1350000,Single Family Residential,2,1.0,San Francisco,94114,3966 18Th St #1
250,2495000,Condo/Co-op,2,2.5,San Francisco,94103,765 Market St Unit 30H
251,725000,Condo/Co-op,1,1.0,San Francisco,94103,140 S Van Ness Ave #428
252,549000,Condo/Co-op,1,1.0,San Francisco,94124,50 Jerrold Ave #206
253,3250000,Multi-Family (2-4 Unit),5,3.5,SAN FRANCISCO,94118,934 Lake St
254,1795000,Condo/Co-op,2,2.0,San Francisco,94109,1688 Pine St Unit E1211
255,430551,Condo/Co-op,1,1.0,San Francisco,94131,85 Ora Way Unit E207
256,6995000,Condo/Co-op,3,2.5,San Francisco,94108,875 California St Ph 2
257,598888,Condo/Co-op,1,1.0,San Francisco,94124,10 Innes Ct #201
258,3950000,Multi-Family (5+ Unit),0,,San Francisco,94109,2501 Van Ness Ave
259,2698000,Condo/Co-op,2,2.0,San Francisco,94109,1333 Jones St #1510
260,599000,Condo/Co-op,0,1.0,SAN FRANCISCO,94102,388 Fulton #504
261,1295000,Condo/Co-op,3,2.5,San Francisco,94117,1168 Fell St
262,2029000,Condo/Co-op,2,2.0,San Francisco,94105,338 Main St Unit 3G
263,1327000,Condo/Co-op,2,2.0,San Francisco,94107,554 Wisconsin St
264,1598000,Multi-Family (2-4 Unit),2,1.5,San Francisco,94114,4320 - 4322 18th St
265,950000,Single Family Residential,2,1.0,DALY CITY,94014,40 Acton St
266,2150000,Condo/Co-op,2,2.0,SAN FRANCISCO,94105,301 Main St Unit 35F
267,1899000,Single Family Residential,7,5.0,San Francisco,94112,920 Cayuga Ave
268,1180000,Condo/Co-op,0,1.0,San Francisco,94105,333 Beale St Unit 8F
269,3800000,Multi-Family (5+ Unit),0,,San Francisco,94109,565 Ellis St
270,1720000,Condo/Co-op,2,2.0,San Francisco,94105,201 Folsom St Unit 15F
271,1995000,Condo/Co-op,3,3.5,San Francisco,94133,594 Lombard St
272,1595000,Multi-Family (2-4 Unit),6,,San Francisco,94107,653 Kansas St
273,1395000,Single Family Residential,3,2.0,San Francisco,94122,611 Cayuga Ave
274,3995000,Single Family Residential,8,7.0,SAN FRANCISCO,94123,2665 Laguna St
275,1895000,Condo/Co-op,4,2.5,San Francisco,94115,2568 Sutter St
276,1088000,Condo/Co-op,2,2.0,San Francisco,94103,230 7th St Unit G8
277,995000,Condo/Co-op,2,2.0,San Francisco,94110,566 South Van Ness Ave #17
278,748000,Condo/Co-op,1,1.0,San Francisco,94103,230 7th St Unit B3
279,4250000,Multi-Family (5+ Unit),0,,San Francisco,94111,646 Washington St
280,2100000,Vacant Land,0,,San Francisco,94127,8 San Lorenzo Way
281,748000,Condo/Co-op,1,1.0,San Francisco,94103,230 7th St Unit D3
282,3295000,Single Family Residential,5,4.5,San Francisco,94121,2256 Cabrillo St
283,975000,Single Family Residential,6,3.0,San Francisco,94124,1189 Palou Ave
284,1173000,Condo/Co-op,2,2.0,San Francisco,94103,230 7th St Unit G5
285,699000,Condo/Co-op,1,1.0,San Francisco,94110,550 South Van Ness Ave #109
286,820000,Condo/Co-op,2,2.0,SAN FRANCISCO,94132,8200 Oceanview Ter #222
287,1695000,Multi-Family (2-4 Unit),2,,San Francisco,94110,626 - 628 Cortland Ave
288,699000,Condo/Co-op,2,1.0,San Francisco,94133,30 - 34A Wayne Pl Unit 32A
289,998950,Single Family Residential,3,1.0,San Francisco,94112,115 Ocean Ave
290,1795000,Condo/Co-op,3,3.5,San Francisco,94115,813 Lyon St #1
291,1688000,Condo/Co-op,3,2.5,San Francisco,94105,489 Harrison St #301
292,2750000,Single Family Residential,4,3.5,San Francisco,94115,1840 Eddy St
293,336191,Condo/Co-op,1,1.0,San Francisco,94103,2 Mint Plz #304
294,1050000,Condo/Co-op,2,2.0,San Francisco,94107,75 Sierra St #201
295,760000,Condo/Co-op,2,1.5,San Francisco,94124,113 Cleo Rand Ln
296,1998000,Condo/Co-op,2,2.0,SAN FRANCISCO,94105,401 Harrison St Unit 20C
297,1498000,Vacant Land,,,SAN FRANCISCO,94111,1235 Sansome St
298,1199000,Condo/Co-op,4,2.0,San Francisco,94110,241 San Jose Ave
299,589000,Condo/Co-op,1,1.0,San Francisco,94110,701 Hampshire St #4
300,1350000,Condo/Co-op,2,2.5,San Francisco,94131,3620 Market St #6
301,690000,Condo/Co-op,1,1.0,SAN FRANCISCO,94124,451 Donahue St #414
302,1650000,Condo/Co-op,2,2.0,San Francisco,94105,280 Spear St Unit 8F
303,5125000,Single Family Residential,4,5.0,San Francisco,94117,850 Steiner St
304,5900000,Condo/Co-op,2,2.5,San Francisco,94105,181 Fremont Unit 56B
305,1689000,Condo/Co-op,2,2.0,San Francisco,94107,950 Tennessee St #125
306,1100000,Condo/Co-op,1,1.0,San Francisco,94107,965 Folsom St #303
307,303285,Condo/Co-op,1,1.0,San Francisco,94158,335 Berry St #505
308,1495000,Condo/Co-op,2,1.5,San Francisco,94117,219 - 223 Clayton St #221
309,1275000,Condo/Co-op,2,2.0,San Francisco,94102,8 Buchanan St #902
310,1495000,Single Family Residential,3,2.5,San Francisco,94132,268 Summit Way
311,1750000,Multi-Family (2-4 Unit),5,3.0,San Francisco,94122,1235 - 1237 45th Ave
312,580000,Condo/Co-op,0,1.0,San Francisco,94131,55 Red Rock Way Unit 104O
313,469000,Condo/Co-op,0,1.0,San Francisco,94109,631 Ofarrell St #1905
314,1395000,Condo/Co-op,1,1.5,San Francisco,94133,"2 Fallon Pl Unit 24,25"
315,6925000,Single Family Residential,3,3.5,San Francisco,94123,1641 Green St
316,2500000,Multi-Family (2-4 Unit),10,3.0,San Francisco,94109,1254 - 1258 Leavenworth St
317,1248000,Condo/Co-op,3,2.0,San Francisco,94131,5102 Diamond Heights Blvd Unit B
318,2495000,Condo/Co-op,3,2.0,San Francisco,94133,456 Vallejo St Unit A
319,730000,Condo/Co-op,2,2.0,San Francisco,94124,451 Donahue St #510
320,963000,Condo/Co-op,1,1.0,San Francisco,94107,88 Townsend St #327
321,629000,Condo/Co-op,1,1.0,San Francisco,94103,2 Mint Plz #206
322,1800000,Condo/Co-op,2,2.0,San Francisco,94109,1545 Pine St #701
323,4595000,Condo/Co-op,3,4.5,San Francisco,94109,1079 Lombard St #301
324,1995000,Multi-Family (2-4 Unit),6,3.5,San Francisco,94117,51 - 55 Webster St
325,749000,Condo/Co-op,2,1.0,San Francisco,94133,34 Varennes St
326,595000,Condo/Co-op,0,1.0,San Francisco,94107,950 Tennessee St #217
327,650000,Condo/Co-op,1,1.0,San Francisco,94109,1100 Leavenworth St #1298
328,1485000,Condo/Co-op,2,2.0,San Francisco,94118,3410 California St
329,399000,Vacant Land,0,,San Francisco,94124,1697 - 1699 Quint St
330,1099000,Single Family Residential,3,2.5,San Francisco,94127,88 Stanford Heights Ave
331,589000,Condo/Co-op,1,1.0,San Francisco,94132,8300 Oceanview Ter #203
332,1888000,Condo/Co-op,4,3.5,San Francisco,94122,1050 Noriega St
333,565838,Condo/Co-op,2,2.0,San Francisco,94134,1 Crescent Way #1213
334,1079000,Condo/Co-op,2,1.5,San Francisco,94110,3374 22nd St
335,2999000,Single Family Residential,3,3.0,San Francisco,94127,191 San Felipe Ave
336,1095000,Single Family Residential,2,1.0,San Francisco,94112,1418 Plymouth Ave
337,5795000,Single Family Residential,4,3.5,San Francisco,94117,809 Scott St
338,1550000,Multi-Family (2-4 Unit),3,2.0,San Francisco,94131,668 - 668B 29th St
339,1380000,Condo/Co-op,2,2.0,San Francisco,94158,435 China Basin St #322
340,1995000,Condo/Co-op,2,2.0,San Francisco,94105,488 Folsom St #4106
341,5400000,Condo/Co-op,3,3.0,San Francisco,94105,488 Folsom #4801
342,995000,Condo/Co-op,2,2.0,San Francisco,94110,3166 26th St #2
343,2491000,Condo/Co-op,3,2.5,San Francisco,94123,3651 Webster St
344,425000,Condo/Co-op,0,1.0,San Francisco,94109,631 Ofarrell St #1705
345,498000,Condo/Co-op,1,1.0,SAN FRANCISCO,94124,555 Innes Ave #211
346,1500000,Vacant Land,0,,San Francisco,94117,970 Ashbury St
347,799000,Condo/Co-op,1,1.0,SAN FRANCISCO,94133,2555 Leavenworth St #305
348,1750000,Condo/Co-op,4,2.0,San Francisco,94110,707 Capp St
349,4800000,Multi-Family (2-4 Unit),6,9.0,San Francisco,94117,1180 Clayton St
350,2395000,Condo/Co-op,2,2.0,San Francisco,94108,875 California St #302
